id,life_stage,theme,summary,quote,emotion,values,sociological_note,type,institution,housing_promised,market_participation,collapse_context
1,Взрослая жизнь (настоящее время),Текущая профессиональная и личная ситуация,"Марина проживает в Саратове, работает онлайн преподавателем и переводчиком, замужем второй раз, детей нет. Занимается спортом, любит гулять и путешествовать.","Я везде парт-тайм работаю. Частичная занятость. В языковом центре, получается, и вот на себя с клиентами. Вот так с английским языком, в принципе, работаю. С французским, с английским, с ивритом ещё. Тоже интересно.","спокойствие, удовлетворение, лёгкая адаптация","самостоятельность, свобода, профессиональное развитие, физическая активность","Респондентка демонстрирует гибкость и адаптивность к новым условиям, ценит независимость и возможность работать на себя. Отмечается тенденция к частичной занятости и самозанятости, что характерно для современных мобильных специалистов.",эпизод,"языковой центр, рынок онлайн-образования",0.0,"частичная занятость, самозанятость",
2,Детство и юность,"Семья, этническая идентичность и раннее развитие","Марина родилась в Нижнем Новгороде, росла с родителями и старшей сестрой. С ранних лет занималась английским, музыкой, пением. Испытывала трудности в детском саду и школе, предпочитала общение во дворе.","В садик не ходила, потому что там дралась, проблемы были, и меня забрали оттуда. ... Люблю очень петь с детства и учать английский у меня с детства идёт, вот с пяти-шести лет.","ностальгия, лёгкая грусть, самостоятельность","самостоятельность, творчество, дружба, обучение","Раннее развитие самостоятельности и творческих способностей, а также опыт социальной изоляции в формальных институтах (сад, школа) компенсируется неформальным общением во дворе и в лагерях.",эпизод,"школа, двор, семья",0.0,,
3,Юность и взросление,Образование и профессиональное становление,"Марина окончила английскую гимназию, затем поступила в ННГУ на международные отношения. Училась на платном отделении, изучала английский и французский. После института работала переводчиком, затем в колл-центре и в Pony Express.","Думала, журналистика, ИНЯЗ. Но бесплатно, к сожалению, не прошла. И училась на платном 5 лет. ... После института два года проработала. ... Потом попала под сокращение.","решимость, интерес, лёгкая неуверенность","образование, профессионализм, языковая компетентность",Выбор гуманитарного образования и языковой специализации определяет дальнейшую мобильность и профессиональную траекторию. Опыт работы в разных сферах формирует гибкость и готовность к переменам.,эпизод,"ННГУ, завод, колл-центр, Pony Express",,наёмный труд,
4,Молодость (22 года),Эмиграция и адаптация в Израиле,"В 22 года Марина переехала в Израиль по настоянию родителей. Быстро оформила документы, не испытывала страха. Училась в ульпане, вышла замуж, работала сначала в гостиницах, затем в финансовой компании, где прошла путь от колл-центра до аккаунт-менеджера.","Ничего не боялась, не знаю, как танк. Я поняла, что в Израиле такие люди, все смелые, независимые. Как танк. Там или ты, или тебя, как говорят.","уверенность, смелость, самостоятельность","независимость, профессиональный рост, адаптивность",Переезд в другую страну в молодом возрасте свидетельствует о высокой мобильности и самостоятельности. Быстрая адаптация и профессиональный рост в новой среде указывают на наличие социальных и культурных компетенций.,перелом,"программа репатриации, ульпан, финансовая компания",0.0,"наёмный труд, эмигрантский рынок труда",
5,Взрослая жизнь (Израиль),Личная жизнь и причины возвращения в Россию,"В Израиле Марина вышла замуж, развелась через 4 года, жила одна, работала, наслаждалась морем, но не выдержала постоянных военных угроз. После отпуска в России решила остаться и вышла замуж второй раз.","Меня не выдержала психика вот этих ракетных обстрелов. Ну, часто. И когда мой дом чуть не взорвали там, где я жила, я поняла, что уже надо или уезжать, или что-то менять страну, двигаться куда-то дальше.","тревога, усталость, решимость","безопасность, стабильность, личное счастье","Опыт жизни в зоне военного конфликта становится фактором, определяющим миграционные решения. Личная безопасность и эмоциональное благополучие выходят на первый план.",перелом,"рынок аренды жилья, израильское общество",0.0,,
6,Детство,Семейные отношения и влияние старших,"Марина росла с родителями и старшей сестрой, отношения с сестрой были конфликтными, с родителями — ровные, с бабушкой — близкие. Дедушка учил ценить деньги, что повлияло на финансовое поведение.","Дедушка меня учил деньги считать. И научил меня как-то цену деньгам знать. Даже если в твоей жизни там появится 5 копеек, все равно радуйся, это любые деньги.","благодарность, лёгкая дистанция","семья, финансовая грамотность, самостоятельность",Влияние старших членов семьи формирует установки по отношению к деньгам и самостоятельности. Конфликтные отношения с сестрой и дистанция с родителями компенсируются близостью с бабушкой.,узел,семья,,,
7,Детство и подростковый возраст,Дружба и социальные связи,"Основные друзья появлялись во дворе, в лагере и институте. С некоторыми дружит более 20 лет, поддерживает связь даже после переезда.","Одна соседка, которая там жила в новом районе, где я переехала. Вторая, мы с ней в лагере познакомились. До сих пор дружба. Уже больше 20 лет.","тёплое воспоминание, стабильность","дружба, лояльность, поддержка","Долгосрочные дружеские связи формируются в неформальных институтах (двор, лагерь) и сохраняются несмотря на миграции, что говорит о высокой социальной компетентности.",эпизод,"двор, лагерь, институт",,,
8,Детство,Мечты и радости детства,"Марина мечтала о море, любила лагеря и самостоятельные поездки. Мечта о море сбылась только во взрослом возрасте.",На море всегда мечтала поехать. Лагеря любила. Одна любила ездить без родителей. Про море не сбылась мечта в детстве. Они так и не свозили меня.,"мечтательность, лёгкая грусть","самостоятельность, путешествия, новые впечатления","Нереализованные детские мечты становятся мотиваторами для самостоятельных решений во взрослом возрасте (путешествия, эмиграция).",декларация,,,,
9,Детство и подростковый возраст,Формирование самостоятельности и трудовой этики,"С раннего возраста Марина приучалась к самостоятельности: помогала по дому, работала с 14 лет, ценила возможность зарабатывать свои деньги.","Меня с детства приучали к самостоятельности. Я маме с детства готовить помогала, когда мне 6 лет было. ... Я с 14 лет уже подрабатывала. У меня мама на выборы устраивала работать. И мне нравилось, что у меня свои деньги.","гордость, уверенность","самостоятельность, трудолюбие, финансовая независимость",Ранняя социализация через труд и домашние обязанности способствует формированию самостоятельности и финансовой ответственности.,узел,,,ранняя трудовая социализация,
10,Школьные годы,Учёба и отношения в школе,"Марина предпочитала гуманитарные предметы, испытывала трудности с точными науками. В английской школе столкнулась с буллингом и вымогательством, что привело к смене школы.","У меня была такая проблема психологическая в школе. Думаю, расскажу. У меня было в английской школе, что у меня в классе деньги вымогали. Я была как лохушка их в классе. Со мной никто не общался, очень мало кто. ... И потом я перешла в другой школу после восьмого класса.","обида, уязвимость, решимость","справедливость, самоуважение, стремление к лучшему окружению","Опыт буллинга и социальной изоляции в школе становится травматичным, но приводит к активному поиску более комфортной среды и самостоятельному принятию решений.",перелом,школа,,,
1,детство и школьные годы,школьные трудности и семейная поддержка,"Респондентка сталкивалась с проблемами в школе, что привело к смене учебного заведения. Родители заметили изменения в поведении и приняли меры.","То есть это было связано, что родители увидели, что такая ситуация в школе, такое отношение, и поэтому у вас увидели, что дома начали деньги пропадать, то, что у меня выбора не было.","напряжение, тревога, уязвимость","семья, поддержка, честность",Ситуация отражает типичный для подростков кризис идентичности и поиск поддержки в семье при столкновении с буллингом или сложностями в коллективе.,эпизод,школа,,,
2,"молодость, ранняя взрослость",образование и профессиональное самоопределение,"Респондентка получила высшее образование, затем прошла дополнительные курсы по коучингу, английскому языку и тренерству. Эти знания помогли ей в профессиональной деятельности и личностном развитии.","У меня был по коучингу образование, коучинг-психолог есть... И ещё сертификат по английскому языку, TOEFL международный... удостоверение тренера учиру.","гордость, удовлетворение","саморазвитие, образование, профессионализм","Показательна ориентация на непрерывное образование и освоение новых компетенций, что характерно для современных мобильных специалистов.",узел,"вуз, курсы, онлайн-образование",,,
3,"взрослая жизнь, профессиональный поиск",мотивация к обучению коучингу и личностный рост,"Причиной обращения к коучингу стали личные трудности в отношениях. Обучение помогло лучше понять себя и других, освоить психологические практики.","Я увидела в Инстаграме блогера... И я подумала, что даже если не получится работать, мне полезно будет себя исследовать.","интерес, надежда, рефлексия","самопознание, психологическая устойчивость","Личный кризис становится триггером для профессионального и личностного развития, что типично для современных карьерных траекторий.",перелом,,,образовательные услуги,
4,"взрослая жизнь, профессиональный поиск",практики самопознания и психологическая работа,"Респондентка описывает значимость психологических практик, работы с тенью, внутренним ребенком, йоги и медитации для личного роста и преодоления детских травм.","Когда принимаешь свои теневые стороны... Потом встреча с внутренним ребёнком помогла, и йога очень помогла, йога, медитация.","благодарность, спокойствие","осознанность, гармония, внутренний рост",Распространение практик самопомощи и психотерапии как части современной культуры заботы о себе.,эпизод,,,,
5,начало профессиональной карьеры,разочарование в специальности и смена профессионального пути,"После окончания вуза респондентка не смогла реализоваться по специальности дипломата из-за отсутствия связей и финансовых возможностей, что привело к смене профессионального направления.","Хотелось очень в Москву поехать, попробовать МИД. Я тоже поняла, что малого шансов там прорваться. По сути, не попробовала и очень жалею.","разочарование, сожаление, принятие","амбиции, независимость, реализм",Проблема социального капитала и неравного доступа к престижным профессиям в России.,перелом,"МИД, вуз",не реализовано,,
6,"эмиграция, профессиональная реализация за рубежом",работа в международной компании в Израиле,"Работа в иностранной компании в Израиле принесла удовлетворение благодаря мультикультурной среде, интересным задачам и корпоративным традициям.","В Израиле, где я работала, потому что это была иностранная компания, там было много культур разных... У меня было такое чувство, что как будто я внутри стран этих путешествовал.","удовлетворение, ностальгия","открытость, разнообразие, профессионализм","Эмиграция открывает новые профессиональные возможности, но также сопряжена с рисками потери работы из-за политических обстоятельств.",эпизод,международная компания,,трудовой рынок Израиля,
7,замужество и семейная жизнь,брак с представителем другой культуры и развод,"Брак с грузинским евреем сопровождался культурными и личностными конфликтами, попытками ЭКО, и завершился разводом по инициативе респондентки.","Я не могла сидеть дома, я не могу без работы... Самое моё любимое — это свобода. Я не могу без свободы. Наверное, деньги и свобода.","фрустрация, решимость, освобождение","свобода, независимость, самореализация",Культурные различия и гендерные роли становятся источником напряжения в браке мигрантов.,перелом,"семья, ЭКО-клиника",,,
8,"постразводный период, новые отношения",отношения с одноклассником и опыт личной свободы,"После развода респондентка начала отношения с одноклассником, которые помогли ей пережить разрыв, но завершились из-за криминальных проблем партнера.","Я просто с ним сбежала... Несмотря на то, что он проблемный был человек, траву курил, и с криминалом был связан, но всё равно.","азарт, освобождение, разочарование","эмоциональная близость, приключения, самостоятельность","Период после развода часто сопровождается поиском новых идентичностей и отношений, иногда рискованных.",эпизод,,арендованное жильё,,
9,эмиграция и адаптация,опыт переезда и экстремальные жизненные ситуации,"Переезд в другую страну сначала не оправдал ожиданий, но стал источником нового опыта и уверенности в себе. Были периоды бездомности и проживания на улице.","Были, когда мне было негде жить в Израиле. И было такое, что я на улице несколько дней спала.","стресс, страх, гордость за преодоление","стойкость, смелость, самостоятельность","Миграция сопряжена с рисками социальной уязвимости, но также способствует формированию устойчивости и самостоятельности.",экстремальный эпизод,,отсутствие жилья,"рынок аренды жилья, социальная поддержка",
10,семейные и родственные связи,"отношения с родителями, сестрой и родственниками","Родители и сестра принимали участие в жизни респондентки, но были разногласия по поводу брака и развода. Особая близость сложилась с двоюродной сестрой.","Мне кажется, она мне была ближе, чем родная сестра. Я тогда у неё жила тоже, когда мне было негде жить.","благодарность, тепло, независимость","семья, поддержка, самостоятельность","Семейные и родственные связи играют важную роль в периоды кризиса, особенно в миграционном контексте.",узел,"семья, расширенная семья",,,
1,Период после развода и переезда,"Развод, побег с одноклассником, финансовые трудности","После развода с мужем респондентка уехала с одноклассником, несколько дней жила в отеле, столкнулась с финансовыми трудностями из-за потери денег, была вынуждена искать жильё и работу.","Это было, когда я с мужем развелась и с этим парнем одноклассником сбежала. Мы там три дня в отеле, получается, пожили. Потом... Работа-то у меня в центре страны была, а он жил на севере. Ездить далеко было очень. Еще так получилось, что у меня деньги украли все.","стресс, растерянность, решимость","самостоятельность, честность, справедливость","Ситуация иллюстрирует уязвимость женщин после развода, необходимость самостоятельного решения бытовых и финансовых вопросов, а также отсутствие поддержки со стороны нового партнёра.",перелом,,False,"активный поиск работы, аренда жилья",True
2,"Преодоление кризиса, поиск опоры","Реакция на стресс, самостоятельность, вера","В условиях безденежья и отсутствия жилья респондентка не обращалась за помощью к близким, полагаясь на себя и свою веру. Она отмечает, что научилась справляться со стрессом рационально, без истерик.",Я привыкла просто на себя рассчитывать. Меня так в детстве научили. Рассчитывай только на себя.,"спокойствие, внутренняя сила","самостоятельность, вера, стойкость","Демонстрируется типичная для постсоветского пространства установка на самостоятельность и недоверие к внешней поддержке, а также роль религии как внутреннего ресурса.",декларация,религия (православие),,,False
3,"Молодость, формирование отношений","Знакомство с первым мужем, еврейские семинары","В 20 лет респондентка познакомилась с первым мужем на еврейском семинаре, их отношения начались после его разрыва с её подругой. Позже они поженились.",На одном из таких семинаров мы случайно познакомились с первым мужем. Он тогда встречался с моей лучшей подругой.,"любопытство, лёгкая ревность, интерес","открытость к новому, дружба, судьба",Еврейские общины и их мероприятия выступают пространством для формирования социальных и брачных связей среди молодежи.,эпизод,еврейская община,,,False
4,"Переезд в Израиль, первый брак","Жизнь в Израиле, семейные кризисы, измена","После переезда в Израиль респондентка выходит замуж, но вскоре сталкивается с изменой и двойной жизнью мужа, что приводит к разрыву и депрессии.","Я узнаю это на помолвке вообще на нашей. Что он живет с другой девушкой. Конечно, я тогда была злая, хотела там убить всех.","гнев, обида, разочарование","верность, честность, самоуважение","Проблемы миграции и интеграции в новой стране усугубляются личными кризисами, что приводит к эмоциональным потрясениям и поиску новых отношений.",перелом,"миграция, брак",,,True
5,"Период после разрыва, новые отношения","Жизнь с новым партнёром, финансовые и бытовые трудности","После разрыва с первым мужем респондентка начинает жить с новым партнёром, отношения с которым осложняются его финансовыми проблемами и игровой зависимостью.","Потом он делал панкротство себе, и все, начались проблемы с деньгами, начались игры компьютерные у него. зависимость от игр.","разочарование, усталость","стабильность, самостоятельность","Женщина сталкивается с типичной для мигрантов ситуацией: отсутствие поддержки, необходимость самой обеспечивать быт, партнёрская несостоятельность.",узел,,,"совместное проживание, финансовая поддержка партнёра",False
6,"Возвращение в Россию, второй брак","Рациональный выбор, новый брак, отношения с семьёй мужа","После возвращения в Россию респондентка вступает во второй брак, основываясь на рациональных соображениях и поддержке со стороны семьи мужа.","Я просто решила выйти замуж без привязанности. Без того, что я привязываюсь к какому-то мужчине. Просто потому что вроде как лучше, чем одной.","спокойствие, принятие","комфорт, поддержка, рациональность","Брак воспринимается как социальная и экономическая стратегия, а не только как результат романтических чувств. Большое значение придаётся поддержке семьи супруга.",узел,"брак, семья",True,,False
7,Современный этап жизни,"Семейные традиции, дача, отношения с семьёй мужа","Респондентка ценит семейные традиции, отдых на даче, хорошие отношения с семьёй мужа, отмечает их искренность и гостеприимство.","Я очень люблю нашу дачу. Один раз, я помню, ещё до брака он меня давно туда привозил. Мы уже давно знакомы. И там что-то мы в домике тогда сидели, он мне говорил, этот дом будет только наш.","умиротворение, благодарность","семья, природа, искренность","Дача и семейные традиции выступают символом стабильности и уюта, а хорошие отношения с семьёй мужа компенсируют недостаток поддержки в прошлом.",эпизод,"семья, дача",,,False
8,Современный этап жизни,Отношения с родителями и семьёй супруга,"Респондентка отмечает, что ближе по духу и возрасту к родителям мужа, чем к своим, ценит их доброту и современность.","Родители мужа меня лучше понимают, мне кажется, потому что мы по возрасту ближе. Они по-другому на жизнь смотрят. Они более такие современные.","признательность, тепло","понимание, доброта, гостеприимство","Поколенческие различия влияют на выбор круга общения и степень эмоциональной близости, что характерно для семей с разным возрастом родителей.",декларация,семья супруга,,,False
9,Современный этап жизни,Религия и духовные практики,"Респондентка сохраняет связь с православием, но посещает церковь нерегулярно, обращается к молитве в трудные моменты.","Просто, знаете, иногда, когда она нахлынет, я иду. Там послушаю, посижу, свечку поставлю, сама помолюсь и всё.","спокойствие, умиротворение","духовность, традиция","Религия выполняет функцию эмоциональной поддержки, но не является институционализированной практикой в повседневной жизни.",декларация,православная церковь,,,False
10,Современный этап жизни,"Работа, профессиональная идентичность","Респондентка работает онлайн с детьми, придерживается принципа ответственности учеников за свои успехи, не берет на себя их проблемы.","Я всегда говорю ученикам, что это их ответственность. Делать задание, не делать. Я один-два раза скажу, я больше не повторяю.","уравновешенность, профессионализм","ответственность, самостоятельность, границы",Позиция педагога отражает современные подходы к воспитанию ответственности у детей и дистанцирование от гиперопеки.,декларация,образование,,онлайн-работа,False
1,"Взрослая жизнь, эмиграция и частые переезды",Страсть к путешествиям и переездам,"Респондентка отмечает свою любовь к переменам мест, часто переезжала в Израиле, сейчас сталкивается с необходимостью сменить офис и обсуждает возможный переезд в Москву с мужем.","Наверное, может, мое страсть к путешествиям. То, что я люблю место на место переезжать. Я в Израиль очень много переезжала.","легкая грусть, принятие, внутренняя динамика","открытость к переменам, самостоятельность, адаптивность","Частые переезды и мобильность — характерная черта современных профессионалов, особенно среди женщин, работающих онлайн. Важна способность адаптироваться к новым условиям и сохранять профессиональные связи.",декларация,"рынок аренды недвижимости, неформальные связи (офис через знакомых)",False,True,
2,"Настоящее, профессиональная деятельность",Работа и профессиональная идентичность,"Респондентка работает онлайн, арендует офис, имеет стабильных клиентов, не готова к резкой смене места работы из-за привязанности к текущему месту и клиентской базе.","Я здесь всё равно прижилась. У меня будет здесь определённые клиенты. Я, наверное, пока не готова куда-то ещё потом переезжать.","уверенность, спокойствие","стабильность, профессионализм, ответственность",Профессиональная идентичность формируется вокруг клиентской базы и привычного рабочего пространства. Даже при высокой мобильности сохраняется стремление к стабильности.,узел,"рынок труда, рынок аренды",,True,
3,Опыт жизни за границей,Жизнь в Израиле и ограничения на возвращение,"Респондентка скучает по морю и набережной в Израиле, но не может вернуться из-за финансовых и бюрократических ограничений, связанных с социальным страхованием.","Там определённые проблемы есть, я сейчас туда не могу въехать. Точнее, если я въеду, я потом не выйду оттуда.","ностальгия, сожаление","честность, справедливость, финансовая независимость","Бюрократические барьеры и финансовые обязательства могут стать серьезным препятствием для возвращения мигрантов на родину, даже при наличии эмоциональной привязанности.",перелом,социальное страхование Израиля,,False,
4,Путешествия и культурный опыт,Любимые страны и впечатления от путешествий,"Респондентка путешествовала по Европе и странам Кавказа, особенно выделяет Армению и Грузию за их колорит, горы и гостеприимство местных жителей.","Армения, Грузия – мои любимые страны. Но я все еще мечтаю в Индонезию на Бали попасть.","вдохновение, воодушевление","открытость миру, любознательность, ценность природы и человеческих отношений","Путешествия формируют культурную открытость и расширяют представления о гостеприимстве, межкультурных различиях и личных предпочтениях.",эпизод,,,True,
5,"Настоящее, повседневная жизнь",Распорядок дня и отношение к дому,"Респондентка рано встает, работает в офисе или онлайн, редко бывает дома из-за работы и некомфортной обстановки (кошки, бабушка мужа). Дом воспринимается скорее как место для сна.","Я почти ими не занимаюсь. Я готовлю просто иногда. А так у меня там не бывает практически в доме, где я живу, я там только сплю.","отстраненность, легкое раздражение","самостоятельность, личное пространство, профессионализм","Совмещение нескольких ролей (работник, жена, сожитель с родственниками) приводит к размытию границ между домом и работой. Дом перестает быть центром жизни.",узел,"семья, рынок труда",True,,
6,"Настоящее, семейная жизнь",Отношения с супругом и совместное время,"Супруг работает в такси по ночам, из-за чего мало времени проводят вместе. Респондентка спокойно относится к одиночеству, супруг предпочитает отдыхать за компьютером.","Он работает, у него ночной график. Очень часто у него ночные смены, потому что он в такси работает, а в такси больше наездишь ночью.","спокойствие, принятие","независимость, уважение личного пространства","Современные семейные отношения часто строятся на уважении к личному времени и пространству, особенно при нестандартных графиках работы.",эпизод,"семья, рынок труда",,,
7,"Настоящее, профессиональная самореализация",Контроль над рабочим графиком и удовлетворение от работы,"Респондентка самостоятельно выстраивает рабочий график, получает удовольствие от преподавания и ценит признание со стороны учеников и родителей.","Я радуюсь, когда вам успехи. Приятно, когда дети там говорят спасибо.","удовлетворение, радость","самореализация, признание, помощь другим",Профессиональная самореализация и контроль над графиком — важные элементы удовлетворенности трудом в сфере услуг и образования.,декларация,рынок труда,,,
8,"Настоящее, досуг и саморазвитие","Хобби, спорт и чтение","Респондентка занимается йогой, ходит в спортзал, любит танцевать, иногда читает журналы и книги, участвует в онлайн-клубе по чтению.","Я люблю в тренажерку ходить, там на танцы очень классные, я снимаю свои видео, как я танцую там.","энтузиазм, радость","здоровье, саморазвитие, творчество","Досуг становится пространством для самовыражения и поддержания психоэмоционального баланса, особенно для женщин с насыщенным рабочим графиком.",эпизод,,,True,
9,"Настоящее, потребительское поведение",Выбор спортклуба и финансовые ограничения,"Респондентка вынуждена искать новый спортзал из-за высокой стоимости абонемента, ждет открытия нового клуба с помесячной оплатой.","Жалко, что у меня скоро абонемент закончится в спортзале, что он дороговат. Я не уверена, что я смогу позволить себе еще туда ходить.","ожидание, легкая тревога","рациональность, забота о себе",Финансовые ограничения влияют на выбор досуговых практик и формируют потребительское поведение даже у людей с устойчивыми привычками.,узел,,,True,
10,"Настоящее, культурные предпочтения","Музыка, кино и сериалы","Респондентка предпочитает слушать рэп и R&B, любит фильмы со смыслом, иногда смотрит детективы и сериалы, но не увлекается телевизором.","Музыка Iron рэп. B, Вот Рианну, Йонс, фильмы. Мне нравился фильм детектива, детектив Насонов.","нейтральность, легкая увлеченность","осознанность, индивидуальность",Культурные предпочтения отражают стремление к индивидуальности и осознанному выбору досуга.,декларация,,,,
1,"Взрослая жизнь, после переезда в Россию",Культурный досуг и предпочтения,"Респондентка рассказывает о своем отношении к культурному досугу: театры, концерты, музеи. Раньше посещала концерты, сейчас — редко, из-за занятости и несовпадения графиков.","Раньше, когда я ходила на концерта сейчас уже давно не было, не знаю. Даже. И в театре-то давно не было.","Легкая грусть, ностальгия","Разнообразие досуга, культурное развитие, воспоминания о прошлом",Изменение жизненного ритма и занятость влияют на культурные практики. Для респондента культурный досуг не является приоритетом в текущем этапе жизни.,эпизод,,,,
2,Взрослая жизнь,Отдых на природе и отношение к экологии,"Респондентка предпочитает отдых на природе, любит дачу, велосипед, пробовала рыбалку. Экологические вопросы волнуют, но участия в инициативах не принимает. Отмечает разницу между Израилем и Россией в переработке мусора.","Мне главное природа, океан или море. Ну, комфортно.","Спокойствие, легкая рефлексия","Природа, экологичность, простота, семейные традиции","Отдых на природе и даче — важная часть досуга, формирующаяся на фоне семейных и культурных традиций. Экологическая осознанность присутствует, но не реализуется в активных действиях.",эпизод,,,,
3,"Взрослая жизнь, последние 5 лет",Личные ритуалы и забота о себе,У респондентки есть устоявшаяся утренняя традиция — йога и массаж лица. Эта привычка появилась благодаря блогеру в Инстаграме и поддерживается уже более 5 лет.,У меня просто каждое утро традиция йога заниматься. Делать йогу. И массаж лица обязательно. Я не могу без этого.,"Удовлетворение, уверенность","Здоровье, дисциплина, забота о себе, самосовершенствование","Личные ритуалы и практики саморазвития становятся частью идентичности современного городского жителя, часто формируются под влиянием социальных сетей и онлайн-сообществ.",узел,,,,
4,"Взрослая жизнь, после переезда",Отношения с родственниками,"После переезда респондентка практически не поддерживает связь с родственниками, кроме родителей. В детстве общение было более тесным.","Мы практически уже больше не созваниваемся, когда я уехала. Я только через родителей о них спрашивала.","Спокойствие, легкая отстраненность","Семейные связи, независимость","Миграция и смена места жительства часто приводят к ослаблению родственных связей, особенно если нет сильных семейных традиций.",эпизод,,,,
5,Подростковый возраст,Семейный конфликт и опыт взросления,"В 14 лет произошел конфликт с матерью из-за курения и алкоголя. Мать применила физическое наказание, что оставило след в памяти респондентки.","Да, да. И по губе мне тогда так дала, что у меня кровь пошла, и больше мне не хотелось курить.","Боль, обида, рефлексия","Свобода, уважение, ненасильственное воспитание",Опыт подросткового конфликта и физического наказания влияет на отношение к воспитанию и формирует установки на свободу и самостоятельность.,перелом,,,,
6,Детство,Семейные традиции и гостеприимство,"В детстве часто приходили гости, что сформировало у респондентки любовь к приему гостей и совместным застольям.","Единственное, когда я была маленькая, у нас гости часто приходили. Может быть, это связано с тем, что я люблю гостей.","Тепло, ностальгия","Гостеприимство, общение, семейные традиции",Семейные традиции детства оказывают влияние на взрослые привычки и предпочтения в организации досуга.,эпизод,,,,
7,"Взрослая жизнь, брак","Отношения с супругом, ценности в браке","Респондентка ценит заботу, принятие, умение обсуждать проблемы и материальную поддержку со стороны мужа. Для нее важно, чтобы мужчина вкладывался в отношения.","Мне важно, чтобы мужчина на меня тратил. Потому что так я себя с женщиной чувствую больше.","Уверенность, спокойствие","Забота, принятие, материальная поддержка, равноправие","В браке респондентка ищет баланс между самостоятельностью и традиционными гендерными ролями, ценит эмоциональную и материальную отдачу.",декларация,,,,
8,"Взрослая жизнь, настоящее время",Планы на будущее и разногласия с супругом,"У супругов разные взгляды на будущее: муж хочет переехать в Москву, респондентка — путешествовать или поехать работать в Азию. Совместных долгосрочных планов нет.","Я путешественница, я не могу к месту привязываться. А он хочет, чтобы в Москву переехать...","Неуверенность, сомнение","Свобода, самореализация, независимость",Различие жизненных стратегий супругов может приводить к напряженности и неопределенности в отношениях.,узел,,False,,
9,"Взрослая жизнь, настоящее время",Финансовые отношения в семье,"У супругов раздельные счета, совместные крупные траты обсуждаются и оплачиваются по возможности. В оплате жилья участвует также бабушка.","У нас разные счета с мужем, и у нас нет общего банковского счета. Мы складываемся на какие-то совместные крупные покупки.","Рациональность, спокойствие","Финансовая самостоятельность, партнерство","Современные семьи часто практикуют финансовую независимость партнеров, что отражает тенденцию к индивидуализации.",эпизод,,,частичная,
10,"Взрослая жизнь, настоящее время",Вопрос детей и репродуктивные решения,"Респондентка не испытывает сильного желания иметь детей, проходит лечение, пробовала ЭКО, рассматривает усыновление, но не готова морально и финансово. Муж не настаивает.","Я не скажу, что я сейчас сильно хочу от него ребенка. И вообще. В силу возраста. Маленький ребенок требует много усилий.","Спокойствие, рефлексия","Свобода, осознанность, здоровье","Вопрос материнства становится предметом осознанного выбора, а не социальной нормы. Финансовые и психологические аспекты играют важную роль.",узел,,False,,
11,"Взрослая жизнь, после развода",Опыт первого брака и уроки,"В первом браке не было свободы, были требования и давление со стороны мужа и его матери. Во втором браке ценит свободу и уважение.",Свобода — это дороже всего. Самое главное для меня — свобода.,"Освобождение, уверенность","Свобода, уважение, самостоятельность","Личный опыт неудачного брака формирует новые ценности и требования к партнерству, акцент на личной свободе.",перелом,,,,
1,"Взросление, подростковый и юношеский периоды",Формирование круга близких друзей,"Респондентка рассказывает о том, как формировался её круг близких друзей: знакомства происходили в разные периоды жизни — в лагере, в школе, университете, по соседству. Сейчас поддерживает связь с 4-5 людьми, в основном онлайн.","Мы в лагере познакомились. Потом одноклассница. И с универа девочка. И соседка. Все, мне кажется. 4-5. 4-5 человек.","спокойствие, лёгкая ностальгия","дружба, стабильность, доверие, взаимопомощь","Круг общения респондентки формировался в традиционных институтах социализации (школа, университет, лагерь, соседство), что типично для российского среднего класса. Сохраняется связь с друзьями, несмотря на географическую разобщённость.",эпизод,"школа, университет, летний лагерь, соседство",,False,
2,"Зрелость, текущий этап жизни",Поддержка и конфликты в дружбе,"Респондентка описывает ценности в дружбе: взаимопомощь, уважение, возможность быть услышанной. Приводит пример конфликта с подругой, который привёл к годичному разрыву общения, но был преодолён.","Я понимала, что я сделала, как я хотела, и я не буду через себя переступать. И я не считаю, что я была перед кем-то виновата тогда, потому что я ее до этого много раз поддерживала.","уверенность, спокойствие, лёгкая обида","самоуважение, границы, поддержка, честность","Респондентка демонстрирует зрелое отношение к конфликтам: готовность отстаивать личные границы, при этом сохранять доброжелательность (отправляла цветы на день рождения).",узел,,False,,
3,"Зрелость, текущий этап жизни",Формат и ритм общения с друзьями,"Общение с друзьями преимущественно онлайн (переписка, звонки), есть желание встречаться чаще, но обстоятельства не позволяют. Важна возможность обсудить день, посоветоваться.","Да, мы переписываемся, иногда созваниваемся в Телеграме, в WhatsApp. Хочется, конечно, видеться больше, но так получается.","спокойствие, лёгкая грусть","связь, поддержка, адаптация к обстоятельствам",Онлайн-общение становится нормой для поддержания дружеских связей в условиях мобильности и занятости.,декларация,,,,
4,"Зрелость, текущий этап жизни",Чувство одиночества и поддержка,"Респондентка не испытывает чувства одиночества, ощущает себя окружённой людьми и поддержкой, даже если работает удалённо. Балансирует между онлайн и офлайн работой.","Всегда ощущаю себя, что кто-то со мной рядом. Даже там ангел-хранитель.","уверенность, спокойствие","поддержка, вера, общение","Важна не только физическая, но и эмоциональная поддержка, ощущение присутствия значимых других.",декларация,,,,
5,"Зрелость, текущий этап жизни",Принципы выбора окружения,"Респондентка считает, что люди с похожей энергией и ценностями притягиваются друг к другу. Важно соблюдение личных границ, нет потребности в постоянном тесном контакте.","Человек всегда человека находит. Люди на энергию идут. Люди, у которых похожая энергия, вибрации, они притягиваются.","уверенность, философское спокойствие","самодостаточность, уважение границ, энергетическая совместимость","Видна ориентация на психологический комфорт и осознанный выбор круга общения, что характерно для современных индивидуалистских установок.",декларация,,,,
6,"Зрелость, текущий этап жизни",Отношение к домашним животным,"Респондентка спокойно относится к животным, предпочитает кошек, но не любит собак. Завела бы только одну кошку или маленькую собачку, если бы была возможность.","Ну, может быть, одну кошку завела бы или маленькую собачку. Маленьких-то я не боюсь. И все, больше нет.","нейтральность, спокойствие","умеренность, комфорт","Отношение к животным прагматичное, без излишней эмоциональности.",декларация,,,,
7,"Зрелость, текущий этап жизни",Здоровье: хронические проблемы и отношение к медицине,"С 15 лет проблемы с женским здоровьем (гормоны, цикл), аллергия с детства, последствия ковида (проблемы с памятью). Регулярно обследуется, принимает лекарства, предпочитает нетрадиционную медицину (иглоукалывание, рефлексология).","У меня проблемы с женским здоровьем с циклом с 15 лет. Это меня беспокоит... Я люблю больше нетрадиционную медицину, типа иголки. И мне это помогает.","беспокойство, принятие","здоровье, забота о себе, открытость к альтернативным практикам","Респондентка сочетает обращение к официальной медицине с интересом к альтернативным практикам, что характерно для части городского населения с опытом жизни за рубежом.",узел,"медицинские учреждения (перинатальный центр, поликлиника), альтернативная медицина",,True,
8,"Зрелость, текущий этап жизни",Опыт медицины в России и Израиле,"Сравнивает опыт обращения к врачам в России и Израиле: в Израиле больше заботы, нет разделения на платную и бесплатную медицину, врачи более открыты. В России хорошие врачи — по знакомству или в платных клиниках.","Мне кажется, в Израиле больше заботы в медицине, чем здесь. Не знаю почему. Отношения у врачей. Если ты приходишь в поликлинику, я здесь даже не хочу бесплатно уйти.","разочарование, благодарность","забота, качество услуг, доверие",Опыт жизни за границей формирует критическое отношение к российской системе здравоохранения и ожидание более высокого уровня сервиса.,эпизод,медицина России и Израиля,,True,
9,"Зрелость, текущий этап жизни",Финансовые аспекты медицинской помощи,"В России не приходилось брать кредиты на лечение, в Израиле — да. В России пользуется бесплатной медициной, но анализы платные.","Здесь в России нет. В Израиле были кредиты. Были кредиты, да.","спокойствие, практичность","финансовая устойчивость, доступность медицины","Финансовая нагрузка на лечение за рубежом выше, чем в России, что влияет на выбор страны проживания и обращения за медицинской помощью.",эпизод,,,True,
10,"Зрелость, текущий этап жизни",Отношение к вакцинации,"В Израиле была вынуждена сделать прививки от коронавируса, после которых переболела несколько раз и появились проблемы со здоровьем. В детстве делали стандартные прививки, родители не были против.","В Израиле меня заставили эти вакцины от коронавируса. И после каждой из них я переболела. И после этих грёбаных болезней у меня с памятью потерялась, с голосом проблемы.","раздражение, недоверие","здоровье, самостоятельность, критичность","Отношение к вакцинации амбивалентное: доверие к детским прививкам, но негативный опыт с вакцинацией от COVID-19 формирует скепсис.",эпизод,,,,
11,"Зрелость, текущий этап жизни",Психологическая поддержка и нетрадиционные практики,"Обращалась к коучингу и гипнозу, участвовала в энергетических практиках. Опыт понравился, считает, что такие практики дают новые инсайты.","Ой, классно, мне понравилось. Я бы еще сделал кому-нибудь.","воодушевление, интерес","саморазвитие, открытость новому","Растущий интерес к нетрадиционным формам психологической поддержки отражает тенденции среди городских жителей, ищущих альтернативу классической психотерапии.",эпизод,,,,
12,"Зрелость, текущий этап жизни",Отношение к здоровью близких,"Переживает за здоровье близких, но относится к этому спокойно, считает, что каждый человек сам за себя ответственен.","Все люди, время, жизнь, есть только ты у себя. И всё. И мужчины временные, и родители, и каждый из нас.","философское спокойствие, отстранённость","самостоятельность, принятие неизбежного","Демонстрирует индивидуалистский подход к жизни и здоровью, характерный для современных городских жителей.",декларация,,,,
1,"Взрослая жизнь, совместная жизнь с партнером",Финансовая поддержка и доверие в семье,"Респондентка уверена, что может положиться на партнера в случае потери работоспособности или ухода в декрет. Партнер вносит основной вклад в семейный бюджет.","Я думаю, что если, допустим, я уйду в декрет, если такое будет, то он будет зарабатывать, он в семью будет сыграть. В принципе, он и так все деньги в семью несет.","уверенность, спокойствие","доверие, семейная поддержка, ответственность","Респондентка демонстрирует традиционное распределение ролей в семье, при этом подчеркивает взаимное доверие и готовность полагаться на партнера в сложных ситуациях.",декларация,семья,,,
2,"Взрослая жизнь, профессиональная деятельность",Источники дохода и отношение к налогам,"Респондентка работает фрилансером, официально оформлена как самозанятая, предпочитает прозрачные финансовые отношения и уплату налогов.","Я как самозанятая, у меня все через налоговую проходит. Я за то, чтобы платить налоги, потому что сверху прилетит, когда ты что-то прижимаешь, нажимаешь какие-то деньги.","рациональность, спокойствие","честность, законопослушность, самостоятельность","Респондентка демонстрирует высокий уровень финансовой грамотности и сознательное отношение к налоговым обязательствам, что характерно для нового поколения самозанятых.",декларация,,,"фриланс, самозанятость",
3,"Взрослая жизнь, семейная экономика",Доходы и расходы семьи,"Основной доход семьи составляет около 150 тысяч рублей, респондентка зарабатывает 70-80 тысяч. Основные расходы — питание и транспорт.","В твоем, наверное, тысяч 150. Я думаю, что получаю, может, чуть больше.",удовлетворенность с элементами стремления к большему,"стабильность, материальное благополучие","Респондентка оценивает семейное благополучие как достаточное, но отмечает желание большего, что типично для среднего класса.",эпизод,,,семейный бюджет,
4,Взрослая жизнь,Потребительское поведение и приоритеты в расходах,"Респондентка не готова экономить на внешнем виде, но может сэкономить на транспорте. Спонтанные покупки не вызывают сожаления, к скидкам относится положительно.",Я всегда красиво люблю выглядеть. Своё внешнее видение очень важно.,"уверенность, легкость","самовыражение, эстетика, рациональность","Потребительское поведение респондентки сочетает рациональность и стремление к самопрезентации, что характерно для молодых городских женщин.",декларация,,,"потребление, покупки",
5,Взрослая жизнь,Отношение к кредитам и крупным покупкам,"Респондентка не пользуется кредитами, предпочитает рассчитывать на собственные доходы.","Здесь такого вообще не было. Я рассчитываю свои доходы, что я получаю.","уверенность, осторожность","финансовая независимость, осмотрительность",Отказ от кредитов свидетельствует о стремлении к финансовой самостоятельности и осторожности в управлении личными финансами.,декларация,,,отказ от кредитования,
6,"Взрослая жизнь, семейная жизнь",Организация семейных покупок и быта,"Покупки для дома осуществляются совместно с мужем, предпочтение отдается супермаркетам и доставке. Часто посещает кафе как способ отдыха.","Муж и я. Когда кто может, тогда тот покупает.","спокойствие, удовлетворенность","партнерство, комфорт",Совместное ведение быта и гибкое распределение обязанностей отражают современные семейные практики.,эпизод,,,"ритейл, доставка, общепит",
7,Взрослая жизнь,Сбережения и собственность,"Сбережения хранятся в банке, собственного жилья нет, пользуется квартирой родителей.","Квартира родителей. То есть делите, получается.","нейтральность, некоторая зависимость","прагматизм, семейная поддержка",Отсутствие собственной недвижимости и опора на родительские ресурсы типичны для молодых семей в условиях нестабильного рынка жилья.,эпизод,семья,False,,
8,Взрослая жизнь,Отношение к платному и бесплатному образованию,"Респондентка предпочитает бесплатное образование, готова платить только за востребованные и престижные специальности.","Бесплатную. На что-то другое потратишь, которое на образование уже...",прагматизм,"рациональность, экономия",Склонность к бесплатному образованию отражает ориентацию на государственные гарантии и экономию семейного бюджета.,декларация,образование,,,
9,"Взрослая жизнь, семейная жизнь",Финансовые отношения в семье,"В семье обсуждаются доходы и расходы, у каждого свой счет, муж имеет кредиты, финансовые решения принимаются совместно.","Табличка. Он жалуется, и это все, что я услышала. Муж жалует много кредитов.","ирония, спокойствие","открытость, партнерство",Современная модель семейных финансов с элементами индивидуализации и совместного принятия решений.,узел,,,"семейный бюджет, кредиты",
10,Взрослая жизнь,Гендерные роли и личная независимость,"Респондентка не считает, что мужчина должен обеспечивать семью, для нее важна личная свобода и отсутствие давления.","Для меня главное, чтобы меня никто не привязывал к этим. Мужчина точно меня тратил.","уверенность, стремление к независимости","свобода, самостоятельность",Отражает современные взгляды на гендерные роли и стремление к равноправию в семье.,декларация,,,,
11,Взрослая жизнь,Деньги и личные смыслы,"Деньги ассоциируются со свободой, возможностью делать выбор и получать удовлетворение.","Деньги? Свобода. Делок. Удовлетворение. То, что я хочу.","уверенность, позитив","свобода, самореализация","Деньги воспринимаются как инструмент личной свободы и самореализации, что характерно для индивидуалистических установок.",декларация,,,,
12,Взрослая жизнь,Ограничения в доходах и финансовые цели,"Респондентка считает, что могла бы зарабатывать больше, если бы лучше управляла временем и ценообразованием. Желаемый доход — 200 тысяч, мечта — 500 тысяч.","Наверное, то, что времени не могу рассчитать, не могу цену иногда повысить на свои услуги.","самокритика, стремление к развитию","развитие, амбиции","Респондентка осознает внутренние барьеры и стремится к финансовому росту, что типично для самозанятых специалистов.",декларация,,,самозанятость,
13,Подростковый возраст,Опыт взаимодействия с государственными органами (милиция),"В 15 лет респондентка была задержана милицией, что сопровождалось неприятным отношением со стороны сотрудников.","Пока мой дядя не позвонил адвокату его знакомому, нас не выпускали. А родители как уголовники, если честно.","негатив, обида","справедливость, поддержка семьи",Опыт взаимодействия с милицией оставил негативный след и укрепил значимость семейной поддержки.,перелом,правоохранительные органы,,,
14,Взрослая жизнь,Опыт родителей с мошенничеством,"Родители респондентки стали жертвами мошенничества, но не обращались в полицию.",Их обманули у диване деньги забрали они обращались куда они поедут они не конечно не,"разочарование, недоверие","осторожность, недоверие к институтам",Недоверие к эффективности правоохранительных органов приводит к отказу от обращения за помощью.,эпизод,правоохранительные органы,,,
15,Взрослая жизнь,Взаимодействие с государственными структурами,"Респондентка не получала пособий, родители получают пенсию, оформление прошло легко благодаря опыту матери.","Мама работала на фонде, и она все это знает.","нейтральность, спокойствие","компетентность, семейная поддержка",Доступ к государственным услугам облегчается наличием информированных членов семьи.,эпизод,социальная защита,,,
16,Взрослая жизнь,Отношение к государственным органам и бюрократии,"В целом отношение к государственным органам нейтральное, отмечаются сложности с ожиданием в МФЦ и долгим оформлением документов в Израиле.","там тяжело, там долго ждать документов, пока тебе сделают, там куча праздников, каникул, и ты будешь ждать, ничего не получишь.","раздражение, равнодушие","эффективность, прагматизм",Сравнение двух стран подчеркивает важность скорости и доступности государственных услуг.,декларация,госуслуги,,,
17,Взрослая жизнь,Отношение к власти и политическим институтам,"Респондентка воспринимает власть как иерархию от президента до городской администрации, отмечает харизматичность лидера и нормальную работу местных властей.","что бы про него ни говорили, он лидер, харизматичный лидер, могу так сказать.","нейтральность, уважение","лидерство, порядок",Взгляды респондентки отражают умеренно лояльное отношение к власти и ориентацию на стабильность.,декларация,политические институты,,,
1,"Зрелый возраст, современность",Отношение к политике и войне,"Респондентка слабо интересуется политикой, редко обсуждает общественные темы с близкими, но война вызывает у нее тревогу и стресс. СВО и война в Израиле эмоционально затронули ее и ее окружение.","Война. Конечно, война. Любая война не закончится.","Тревога, стресс, усталость","Безопасность, мир, спокойствие","Дистанцирование от политики характерно для части российского общества, однако крупные события (СВО, война в Израиле) прорывают эту дистанцию, вызывая эмоциональный отклик и тревогу за близких.",эпизод,"Семья, государство",,,
2,"Зрелый возраст, современность",Личный опыт военных конфликтов,"Респондентка пережила обстрелы, когда война в Израиле затронула ее дом. Испытывала страх за свою жизнь, справлялась с помощью молитвы. Ее близкие не пострадали, но мужчина был призван на 120 дней.","Боялась за жизнь свою. Я молилась, сидела и молилась.","Страх, тревога, стресс, облегчение после","Жизнь, вера, поддержка близких","Личный опыт военных действий усиливает тревожность и религиозность, формирует опыт выживания и мобилизации. Женщины часто оказываются в роли эмоциональных опор для семьи.",эпизод,"Семья, армия, религия",,,
3,"Зрелый возраст, современность",Использование цифровых технологий и соцсетей,"Респондентка активно использует телефон, компьютер, интернет для работы и развития. Предпочитает ВКонтакте, Телеграм, Инстаграм, подписана на психологов и блогеров. Скептически относится к знакомствам в интернете.","Интернет рад, можно работать, много опций есть, развиваться.","Прагматизм, интерес","Развитие, коммуникация, безопасность","Цифровая грамотность и использование соцсетей становятся частью повседневности, однако сохраняется осторожность к онлайн-знакомствам, что типично для женщин зрелого возраста.",узел,"Рынок, цифровые платформы",,"Покупки через приложения, онлайн-услуги",
4,"Зрелый возраст, современность",Влияние технологий на повседневную жизнь,"Мобильные приложения (банковские, Яндекс.Карты, Google, Zoom) стали неотъемлемой частью жизни. Искусственный интеллект воспринимается как помощник, не вызывает тревоги.","Половина работы твоей. Можно узнать, облегчить жизнь, по-моему.","Оптимизм, благодарность","Удобство, эффективность, технологичность",Позитивное отношение к ИИ и цифровым сервисам отражает адаптацию к новым технологиям и стремление к упрощению рутины.,декларация,Технологические компании,,"Платные сервисы, онлайн-образование",
5,"Зрелый возраст, современность",Социальные связи и одиночество,"Респондентка ощущает нехватку живого общения, особенно после переезда в Саратов, где не может найти друзей — многие разъехались по разным странам и городам.",В Саратове не могу найти своих друзей. Все подпушки по разным странам и городам. Хочется общения.,"Одиночество, тоска, потребность в общении","Дружба, поддержка, принадлежность","Миграция и разрыв социальных связей усиливают чувство одиночества, несмотря на наличие цифровых каналов коммуникации.",эпизод,"Город, миграция",,,
6,"Зрелый возраст, современность",Изменения за последний год и личное развитие,"Ключевые события года: война в Израиле, начало занятий спортом, появление новых клиентов, улучшение финансового положения и здоровья. Респондентка стала увереннее, делает выводы о необходимости двигаться вперед.",Вперед и вперед идти. И не падать.,"Оптимизм, уверенность, благодарность","Развитие, здоровье, финансовая стабильность","Личный рост и позитивные изменения в жизни часто связываются с активными действиями и саморазвитием, несмотря на внешние кризисы.",узел,"Рынок труда, спорт",,"Работа с клиентами, фитнес",
7,"Зрелый возраст, современность",Отношение к будущему и планированию,"Респондентка смотрит в будущее с оптимизмом, надеется на личный рост, увеличение числа клиентов, поездку на Бали. Перестала строить долгосрочные планы, предпочитает жить настоящим.",Я перестала просто планы строить. Лучше жить настоящим.,"Оптимизм, принятие, легкость","Самореализация, свобода, наслаждение моментом","Отказ от долгосрочного планирования может быть реакцией на неопределенность и частые кризисы, характерные для последних лет.",перелом,,,,
8,"Зрелый возраст, современность",Жизненные ценности и принципы,"Для респондентки важны здоровье, финансовая стабильность, саморазвитие, быть собой. Считает, что живет согласно себе, не сожалеет о прошлом, ценит высшее образование.",Быть собой. Деньги. Здоровье. Саморазвитие.,"Уверенность, удовлетворенность","Аутентичность, здоровье, материальное благополучие, образование","Ценности респондентки отражают типичный для среднего класса набор: здоровье, деньги, самореализация, образование.",декларация,Образование,,,
9,"Зрелый возраст, современность",Страхи и отношение к смерти,"Респондентка боится воды и собак, но не боится смерти с 20 лет. Считает, что нужно жить так, как будто осталось мало дней.","Я раньше боялась смерти, а сейчас нет.","Принятие, спокойствие","Мужество, принятие жизни и смерти","Преодоление страха смерти часто связано с личными кризисами или взрослением, что позволяет жить более полно.",перелом,,,,
10,"Зрелый возраст, современность",Рефлексия и самоощущение после интервью,"Респондентка отмечает интерес к вопросам, ощущает прилив энергии и благодарность за возможность задуматься о важных вещах.","Капельная энергия, которая от вас мне понравилась. Интересный вопрос, что много разного.","Благодарность, интерес, воодушевление","Рефлексия, открытость новому","Интервью становится не только исследовательским инструментом, но и способом личной рефлексии и поддержки.",эпизод,,,,
1,Завершение интервью,Оценка полноты вопросов и обратная связь,"Респондент отмечает, что все вопросы были заданы, и ему кажется, что ничего не упущено. Он не высказывает пожеланий по дополнительным темам.","Мне кажется, все хватило, прям все по-другому.","Удовлетворение, спокойствие","Открытость, доверие, завершенность","Респондент демонстрирует удовлетворенность процессом интервью, что может свидетельствовать о доверии к исследователю и готовности делиться личным опытом. Отсутствие дополнительных пожеланий может говорить о том, что основные значимые для респондента темы были затронуты.",декларация,,,,True
002,Завершение интервью,Прощание и благодарность,"Интервьюер благодарит респондента за участие, объясняет, что данные будут обезличены и использованы для анализа, и желает всего наилучшего. Респондент отвечает взаимной благодарностью.","Спасибо большое. Спасибо еще раз за наш разговор. Да, и вам. Спасибо. До свидания.","Доброжелательность, благодарность","Взаимное уважение, этичность, забота","Финальная часть интервью подчеркивает важность этических стандартов в исследовании, а также демонстрирует культуру благодарности и уважения между участниками процесса.",эпизод,,,,True
