id,life_stage,theme,summary,quote,emotion,values,sociological_note,type,institution,collapse_context,market_participation,housing_promised,ritual_participation,housing_status,housing_actual
1,Детство и юность,Семейное происхождение и ранние годы,"Валерий родился и вырос в семье, где родители развелись, но отец продолжал участвовать в жизни детей. Был брат, который умер в 59 лет. Детство прошло в Санкт-Петербурге, учился в 198-й школе, затем поступил в училище.","Мама с папой были разведены. Но папа нас не бросал. Всегда навещал, помогал. В этом плане все замечательно было.","спокойствие, благодарность","семейная поддержка, благодарность родителям, преодоление трудностей","Ранний опыт развода родителей компенсировался активным участием отца в жизни детей, что формировало чувство стабильности и поддержки. Типичная для советского времени ситуация, когда развод не означал полного разрыва с детьми.",эпизод,"школа, семья",1.0,,,,,
2,Юность и ранняя зрелость,Образование и профессиональное становление,"После окончания 8 классов Валерий поступил в училище, где получил среднее образование и специальность матроса. Работал на Леноке, участвовал в трудовом лагере, где занял первое место. После училища остался работать на берегу, не пошёл в загранплавание из-за закрытой визы.","Я мог, конечно, пойти плавнее, но теперь месяц без захода на берег. Загранплавание. Ну, хотел.","легкая досада, принятие","стремление к самостоятельности, трудолюбие, адаптация к обстоятельствам","Профессиональное самоопределение происходило в рамках советской системы распределения и ограничений (например, невозможность попасть в загранплавание). Участие в трудовых лагерях и получение специальности типично для поколения 1970-х.",эпизод,"ПТУ, трудовой лагерь",,работа по распределению,,,,
3,Молодость,Служба в армии и начало трудовой деятельности,"Служил в армии в Мурманске, после службы получил значительную по тем временам сумму денег. Рассматривал разные варианты трудоустройства, в том числе работу в такси, где работал его отец.","Я в такси пойду. У меня папа в такси работает. А тогда у меня в такси как в космос, наверное, попасть.","ожидание, воодушевление","семейная преемственность, материальная самостоятельность","Армейская служба воспринимается как обязательный этап взросления. Профессия отца становится ориентиром для выбора собственной карьеры, что характерно для советской эпохи.",эпизод,"армия, таксопарк",,работа по найму,,,,
4,Зрелость,Работа и семейная жизнь,"Работал на заводе, затем сменил несколько профессий, в том числе был плавильщиком и занимался сваркой. Женился, родились три дочери. Семейная жизнь была непростой из-за алкоголизма жены, которую он пытался лечить. После 12 лет брака развёлся.","Женой не повезло. В каком плане? Она пьющая была. Я ее три раза подшивал. 12 лет я с ней прожил. 9 лет замечательно было, когда я ее подшивал.","разочарование, стойкость","ответственность за семью, забота о детях, терпение","Семейные трудности, связанные с алкоголизмом, типичны для постсоветского пространства. Попытки сохранить семью и забота о детях демонстрируют традиционные ценности и личную ответственность.",узел,"завод, семья",,,False,,,
5,Поздняя зрелость,Потери и семейные связи,"Жена умерла в относительно молодом возрасте из-за алкоголизма. Валерий поддерживает отношения с дочерьми и внуками, помогает им, ездит на дачу, участвует в семейных ритуалах (поездки на кладбище).","Жена... Когда уже дети стали взрослые, я ее... Ну, и она умерла. Ей 40 с чем-то лет было. И, короче, довела себя до ручки и умерла.","грусть, принятие","семейная память, забота о близких, уважение к традициям",Потеря супруги и уход за могилами родственников подчеркивают важность семейных связей и ритуалов памяти в российской культуре. Поддержка детей и внуков становится главным содержанием жизни на пенсии.,эпизод,"семья, кладбище",,,,поездки на кладбище,,
6,Настоящее время (пенсия),"Жизнь на пенсии, материальное положение","Валерий живет с дочерью и внучкой в трехкомнатной квартире в Санкт-Петербурге. Официально не работает, получает пенсию и льготы, иногда подрабатывает неофициально. Оценивает пенсию как низкую, выражает тревогу за будущее детей и внуков.","Я на пенсии. Сижу, конечно, это не пенсия, а слезы, что тут говорить. Еще я говорил, что я так подрабатываю.","разочарование, тревога, забота","забота о семье, ответственность, скромность","Пенсионеры в России часто сталкиваются с низким уровнем дохода и необходимостью подрабатывать. Основная забота смещается на благополучие детей и внуков, что отражает межпоколенческую солидарность.",декларация,"пенсионный фонд, семья",,неофициальная подработка,,,совместное проживание с дочерью и внучкой,
7,Рефлексия и оценка эпох,Сравнение поколений и эпох,"Валерий с ностальгией вспоминает советское время (эпоху Брежнева) как более спокойное и стабильное. Современность оценивает негативно, выражает обеспокоенность за будущее детей и внуков.","В Мое поколение, взять Брежневское... Это самое, что было из всей жизни. Было спокойно работать, учиться, работать.","ностальгия, тревога","стабильность, безопасность, забота о будущем поколении","Ностальгия по советскому прошлому характерна для старшего поколения, особенно на фоне экономической нестабильности и социальной неуверенности в настоящем.",декларация,"государство, эпоха Брежнева",1.0,,,,,
1,Детство,Семейное окружение и ранние воспоминания,"Респондент вспоминает о родителях, их работе, поддержке, поездках на Украину, жизни у бабушки и дяди, сельском быте, детских играх и болезненном детстве.","Родителям у меня все было замечательно. Мастером работал. Мама у меня заработала питью... В Украину я все время ездил... Бабушка держала козу, а дядя Вася... две коровы держал, быка...","Теплота, благодарность, ностальгия","Семья, поддержка, трудолюбие, связь поколений","Воспоминания респондента о детстве окрашены позитивно, подчеркивается роль семьи, трудовой этики родителей, а также важность сельского уклада и межпоколенческих связей. Отмечается советская практика поощрения детей через школу и участие в пионерских лагерях.",эпизод,"школа, завод, пионерский лагерь, сельское хозяйство",,False,False,,,
2,Детство и юность,Культурная идентичность и языковая адаптация,"Респондент рассказывает о жизни в украинском селе, проблемах с русским языком после возвращения, дразнилках в школе, а также о спортивных увлечениях и ограничениях по здоровью.","Когда я приехал с Украины... я русский не знал. Просто говорил по-украински. Почему мне, так говоря, русский очень плохо пошел. В школе, я имею в виду.","Смущение, легкая обида, принятие","Идентичность, адаптация, спорт, здоровье","Опыт миграции между регионами СССР, столкновение с языковыми барьерами и школьной социализацией. Спорт выступает как средство интеграции и самореализации, но ограничения по здоровью влияют на жизненный путь.",эпизод,"школа, спортивные секции",,False,False,,,
3,"Взросление, ранняя зрелость",Преодоление трудностей и экстремальный опыт,"Респондент рассказывает о криминальном эпизоде после армии, связях с цыганами, годе заключения за угон машины, особенностях советской пенитенциарной системы и влиянии этого опыта на дальнейшую жизнь.","Я когда в таксомоториях, связался с цыганами... из-за этого я сел, короче, на годик... Ну, я имею в виду, сейчас, в которой крестов нету, там посидел до этого...","Сожаление, рефлексия, принятие","Опыт, ответственность, честность, судьба","Криминальный опыт в молодости, типичный для части советской молодежи, демонстрирует уязвимость к влиянию окружения и особенности советской карательной системы (много заключённых за мелкие правонарушения).",перелом,"армия, таксомоторный парк, тюрьма (Кресты, Губар)",,False,False,,,
4,Ранняя зрелость – зрелость,Трудовая биография и профессиональная идентичность,"После освобождения респондент устраивается на завод 'Красный выборжец', где работает с 1984 по 2010 год с перерывами, пробует себя в кооперативе, возвращается на завод, затем работает охранником.","Я к нему пришел после отсидки... меня на Красную выборщицу привел. И вот я там, скажем, Красную выборщицу, у меня вся жизнь там на этом Красной выборщице.","Гордость, стабильность, легкая усталость","Труд, профессионализм, самостоятельность, адаптация","Долгая трудовая биография на крупном советском предприятии, попытки предпринимательства в 90-е, возвращение к стабильной работе. Отражает типичный путь советского/постсоветского рабочего класса.",узел,"завод 'Красный выборжец', кооператив, охранные предприятия",,True,False,,,
5,"Настоящее время, пенсионный возраст",Повседневная жизнь и распорядок дня,"Респондент описывает свой обычный день: готовит, помогает детям, ходит в баню, гуляет, занимается бытовыми делами, ждет дачного сезона, не проявляет интереса к театрам и концертам.","Вот сегодня сходил... Купил корюшку. Она ждет меня, когда я чистить буду ее. И дети ждут, когда я ее почищу и пожарю. В основном кухня.","Спокойствие, удовлетворенность, легкая скука","Семья, забота, простые радости, здоровье","Повседневность пенсионера, акцент на семейных обязанностях, поддержке детей, сохранении привычек (баня), низкая вовлеченность в культурную жизнь вне дома. Отражает типичный образ жизни пожилых людей в российских городах.",эпизод,"семья, баня, дача",,False,False,,,
6,Настоящее время,"Здоровье, альтернативные практики и семейные испытания","Респондент рассказывает о своем увлечении содой как средством для здоровья, ссылается на профессора Неумывакина, делится историей болезни дочери и ее выздоровления, связывает это с применением соды.","Соду пью по утрам... Когда дочка заболела раком, туда-сюда, и тоже начала пить соду, она говорит, ну, дурочка я такая. И сейчас она вылечилась, уже 5 лет прошло...","Надежда, гордость, благодарность","Здоровье, забота о близких, самостоятельность, недоверие к официальной медицине","Популярность альтернативных медицинских практик среди пожилых, недоверие к официальной медицине, вера в личный опыт и интернет-источники. Семейная сплоченность проявляется в совместном преодолении болезни.",декларация,"семья, интернет, медицина (альтернативная и официальная)",,False,False,,,
1,"Настоящее время, зрелый возраст",Семья и отношения с близкими,"Респондент рассказывает о теплых отношениях с дочерьми, внуками и другими родственниками. Подчеркивает взаимную любовь и частое общение, а также заботу о внуках, в том числе финансовую поддержку.","У меня дочки, внуки. Я их люблю, они меня любят. Что еще могу сказать? Все чудесно, все хорошо. Я даже не знаю, как... Блажен я отец.","Удовлетворение, теплота, благодарность","Семейные связи, забота о близких, поддержка",Семья выступает главным источником эмоциональной поддержки и смысла жизни для респондента. Взаимопомощь и регулярное общение с детьми и внуками подчеркивают традиционные семейные ценности.,эпизод,,1.0,,,,,
2,"Настоящее время, зрелый возраст",Образование и профессиональное становление внуков,"Респондент рассказывает о внуке, который учится в училище, отмечает сложности с выбором профессии и исчезновение рабочих мест на заводах.","Сейчас училищ мало, да и профессий очень мало. Практически завод, да практически даже, ну теоретически, даже можно сказать и так, просто водок нету.","Озабоченность, тревога за будущее молодого поколения","Образование, труд, профессиональная реализация","Респондент фиксирует структурные изменения в экономике и рынке труда, отмечая сокращение рабочих мест и профессий, что влияет на перспективы молодежи.",декларация,,1.0,ослабление рынка труда для молодежи,,,,
3,Детство и юность (60-80-е годы),Воспоминания о детстве и молодости,"Респондент с ностальгией вспоминает советское прошлое: изобилие в магазинах, доступность жилья, семейное тепло, мамины заботы и перемены после 1984 года.","70-е годы это просто вообще были замечательно. Хоть там мне говорят, джинсы туда-сюда. Единственное, что машины не могли купить, а так все было замечательно. Квартиры давали.","Ностальгия, радость, легкая грусть","Стабильность, семейное благополучие, доступность благ","Воспоминания респондента иллюстрируют типичную для старшего поколения идеализацию советского прошлого, где государство обеспечивало базовые потребности.",эпизод,"государственное распределение жилья, советская система снабжения",1.0,,True,,,
4,"Зрелость, становление семьи",Роль родителей и семейная поддержка,"Респондент рассказывает о помощи родителей в воспитании детей, материальной поддержке, совместных поездках и семейных традициях.","Машка практически у неё, потом Оксанка у неё, потом Машка у тёщи в Другах Красных жила, потом Оксанка помогала очень здорово. Естественно, но она не таскала, ей давали. Просто давали, ее уважали.","Благодарность, теплота, признательность","Семейная взаимопомощь, уважение к старшим, традиции","Семейная поддержка и межпоколенческие связи играют ключевую роль в жизни респондента, что характерно для российского общества.",эпизод,,1.0,,,,,
5,"Настоящее время, зрелый возраст",Здоровье и отношение к медицине,"Респондент не уделяет особого внимания здоровью, предпочитает простые средства (сода), не любит обращаться к врачам, отмечает проблемы в системе здравоохранения.","Да ничего я не делаю, Господи. Соду пью, я же говорю, соду.","Безразличие, легкая ирония, недоверие","Самостоятельность, скепсис к официальной медицине","Недоверие к медицинским учреждениям и привычка к самолечению типичны для части старшего поколения, особенно на фоне негативного опыта взаимодействия с системой здравоохранения.",декларация,государственная медицина,1.0,,,,,
6,"Настоящее время, зрелый возраст",Физическая активность и самочувствие,"Респондент отмечает, что не следит специально за здоровьем, но старается быть активным, гуляет, выполняет простые упражнения, редко болеет серьезно.","Сидеть не люблю, а походить, да, на улицу выйти, так это единственное.","Спокойствие, принятие","Умеренность, самостоятельность","Физическая активность воспринимается как естественная часть жизни, а не как целенаправленная забота о здоровье.",эпизод,,1.0,,,,,
7,"Настоящее время, зрелый возраст",Отношение к вредным привычкам,"Респондент рассказывает о своем опыте курения, попытках бросить, связывает возвращение к курению с влиянием женщин, не считает это серьезной проблемой, пока здоровье позволяет.","Пока не настроится мне серьезно. Вот именно не настроится серьезно. Вот если, может быть, прихватило меня чего-нибудь, тогда, может быть, я и бросил. А пока что-то, вроде, пока здоровьицы есть, так и не хромаю, скажем так.","Ирония, легкая беззаботность","Легкость, отсутствие излишней тревожности","Отношение к вредным привычкам демонстрирует типичную для части мужчин старшего возраста установку: пока здоровье позволяет, нет мотивации к переменам.",эпизод,,1.0,,,,,
8,"Настоящее время, зрелый возраст",Забота о здоровье близких и тревога за будущее поколения,"Респондент больше переживает за здоровье и будущее своих детей и внуков, чем за собственное, выражает пессимизм относительно перспектив молодого поколения.","Потому что ничего будущего в этом поколении у них нету. Честно говоря, нету. Просто нету. При нашем государстве я имею в виду.","Тревога, пессимизм, забота","Альтруизм, ответственность за семью","Пессимизм относительно будущего детей и внуков отражает кризис доверия к государству и социальным институтам, характерный для старшего поколения.",декларация,,1.0,,,,,
9,"Настоящее время, зрелый возраст",Финансовое положение и стратегия выживания,"Респондент живет на пенсию, которую считает недостаточной, подрабатывает, чтобы поддерживать привычный уровень жизни, помогает детям, отмечает отсутствие накоплений.","20 с чем-то пенсии. О чем можно? О чем финансово говорю? Единственное, что если бы я не подрабатывал, тогда бы вообще тосково было.","Реализм, легкая усталость","Трудолюбие, самостоятельность, поддержка семьи","Финансовая стратегия респондента типична для пенсионеров, вынужденных подрабатывать из-за низких пенсий и отсутствия сбережений.",декларация,,1.0,пенсионер с подработкой,,,,
10,"Настоящее время, зрелый возраст",Материальные ресурсы и имущество,"Респондент владеет автомобилем, который достался от дочери, и гаражом, оставшимся от отца, но не считает это значимым капиталом. Машиной в основном пользуются дети.","Маша средняя у меня дочка. Тебе другую купила? А мне отдала вот эту «Хонду». Ну, она как бы женская машинка. А 2007 года, да.","Спокойствие, практичность","Семейная преемственность, рациональность","Передача имущества между поколениями — важный элемент семейной экономики, но респондент не придает этому большого значения.",эпизод,семейная передача имущества,1.0,,,,,
11,"Настоящее время, зрелый возраст",Семейный бюджет и расходы,"Респондент описывает совместное ведение бюджета, оплату коммунальных услуг, покупки в складчину, не знает точно доходы детей, но поддерживает их при необходимости.","Коммунальные я плачу 10 тысяч. Помочь-то надо. Складывались, покупали кухню, покупали флиту. Складчина была.","Ответственность, спокойствие","Взаимопомощь, коллективизм",Совместное ведение бюджета и поддержка друг друга — характерная черта семейных стратегий выживания в условиях ограниченных ресурсов.,эпизод,,1.0,,,,,
12,"Настоящее время, зрелый возраст",Структура доходов и занятость,"Респондент работает по графику два через четыре, что позволяет совмещать подработку с отдыхом, подчеркивает важность дополнительного заработка.","Два через четыре. Двое суток работаю, как бы подрабатываю и четыре отдыхаю.","Усталость, прагматизм","Трудолюбие, адаптивность",Гибкая занятость и подработки становятся необходимостью для пенсионеров в условиях низких пенсий.,эпизод,,1.0,гибкая занятость пенсионера,,,,
1,Пенсионный возраст,Финансовое положение и кредиты,"Респондент рассказывает о своем опыте с кредитами, отсутствии накоплений и финансовых трудностях после выхода на пенсию. Он сравнивает свою жизнь с жизнью других пожилых людей, находящихся на социальном обслуживании.","Долгами у меня кредитов было очень много, и всегда я их выплачивал. Всегда я их выплачивал. ... Сейчас брать это бесполезно. Так таковых накоплений нет.","усталость, смирение","ответственность, самостоятельность, честность","Респондент демонстрирует типичную для старшего поколения стратегию финансового выживания: кредиты брались в трудоспособном возрасте, но после выхода на пенсию финансовые возможности резко сузились. Сравнение с другими пожилыми людьми подчеркивает распространенность подобной ситуации.",эпизод,,1.0,"кредиты, потребительский рынок",,,,
2,Пенсионный возраст,Социальная изоляция и старость,"Респондент размышляет о жизни пожилых людей, приводя в пример бабушку Нину и других пенсионеров, которые проводят время в одиночестве, ограничены квартирой и редкими походами в магазин.","Что у неё? Ну, на кухоньку сходила себе, изготовила и телевизор. ... И все время в квартире вся жизнь у нее исходит. И таких много, честно говоря.","печаль, сочувствие","забота о близких, эмпатия","Описывается типичная картина старости в российском обществе: одиночество, ограниченность досуга, зависимость от помощи детей и социальных служб.",узел,,1.0,,False,,,
3,Пенсионный возраст,Финансовые ожидания и мечты,"Респондент рассуждает о том, какая сумма денег позволила бы ему жить комфортно, и как бы он ее потратил. Он отмечает, что даже при наличии денег не стал бы кардинально менять образ жизни.","Сто тысяч, если можно, было бы действительно комфортно. Я считаю такую сумму.","реализм, легкая ирония","скромность, практичность",Запрос на относительно небольшую сумму для комфортной жизни отражает скромные потребности и адаптацию к ограниченным возможностям. Отсутствие планов на крупные траты говорит о низком уровне потребительских амбиций.,декларация,,1.0,"потребительский рынок, бытовая техника",,,,
4,Пенсионный возраст,Восприятие социальной несправедливости,"Респондент выражает недовольство разницей между доходами простых людей и чиновников, отмечает оторванность власти от народа.","Ну, я по интернету читал, что у них Сколько у них зданий пенсионного фонда? ... Их даже кто обслуживает, это уборщица 70 тысяч получает. Какие они там зарабатывают деньги, всякие. И все это за счет кого? Народа.","раздражение, возмущение","справедливость, честность","Критика социальной несправедливости и недоверие к государственным институтам характерны для людей, столкнувшихся с ухудшением материального положения на пенсии.",декларация,"пенсионный фонд, государственные органы",1.0,,,,,
5,Пенсионный возраст,Роль семьи в жизни,"Респондент подчеркивает, что живет за счет поддержки дочерей и внучек, и именно семья придает смысл его жизни.","Я за счет этого и живу. Что дочки есть, что внучки есть. За счет этого.","благодарность, теплота","семья, поддержка, любовь","Семья выступает главным источником поддержки и смысла для пожилого человека, компенсируя недостатки социальной системы.",узел,,1.0,,,,,
6,Пенсионный возраст,Отношение к деньгам,"Респондент рассматривает деньги как средство выживания, а не как источник свободы или безопасности. Он отмечает, что раньше духовность была важнее, а сейчас деньги нужны только для базовых нужд.","Деньги, чтобы поесть. Я не знаю, что еще можно на них. Куда-то сходить. Я не знаю.","равнодушие, ностальгия","духовность, простота","Снижение роли денег как источника счастья и свободы характерно для пожилых людей, особенно на фоне ухудшения материального положения и ностальгии по прошлому.",декларация,,1.0,,,,,
7,Пенсионный возраст,Изменения в экономике и обществе,"Респондент сравнивает советское прошлое и современность, отмечая исчезновение стабильности, духовности и социальных гарантий. Он критикует современную экономику и отсутствие перспектив для молодежи.","Если мы работали, мы работали на государство. Государство продавало, все прочее. А что сейчас экономика? Что мы сейчас выпускаем, кроме нефти и газа?","разочарование, ностальгия","стабильность, труд, социальная справедливость","Ностальгия по советскому прошлому и критика современной экономики типичны для старшего поколения, ощущающего потерю социальной защищенности.",декларация,"государство, рынок труда",1.0,,,,,
8,Детство и юность,Воспоминания о детстве и социализации,"Респондент вспоминает свое детство, насыщенное коллективными играми, спортивными и культурными мероприятиями, и сравнивает его с нынешней жизнью детей.","В школу, когда мы ходили, мы каждый месяц в кинотеатр ходили, в театр ходили, в театральную площадь, на балет, на оперетт и все это. Это в школе классами ходили.","ностальгия, грусть","коллективизм, культурное развитие, активность",Воспоминания о насыщенной социальной жизни в детстве подчеркивают разницу между поколениями и критикуют современную изоляцию молодежи.,эпизод,"школа, культурные учреждения",1.0,,,,,
9,Юность и ранняя зрелость,Профессиональное образование и трудоустройство,"Респондент рассказывает о доступности профессионального образования и гарантированном трудоустройстве в советское время, противопоставляя это нынешней ситуации.","Я отучился в неделю 8 классов, училище было просто, заводы стояли, куда ты хотел, туда ты и пошел.","гордость, сожаление","доступность образования, труд, стабильность",Советская система образования и распределения рабочих мест воспринимается как образец социальной справедливости и поддержки молодежи.,эпизод,"ПТУ, завод",1.0,,,,,
10,Пенсионный возраст,Беспокойство за будущее детей и внуков,"Респондент выражает тревогу по поводу будущего своих внуков, сложности с получением образования и трудоустройством, высокую стоимость обучения.","Внучке, например, она хотела стоматологию. 400 тысяч в год ее платили. 400 тысяч. Это чтобы она пошла учиться.","тревога, беспокойство","образование, забота о семье",Высокая стоимость образования и отсутствие гарантий трудоустройства усиливают тревожность родителей и дедушек/бабушек за будущее молодежи.,узел,образовательные учреждения,1.0,,,,,
11,Пенсионный возраст,Пути и стратегии молодежи,"Респондент рассказывает о профессиональных траекториях дочери и внучки, подчеркивая важность высшего образования для карьерного роста и стабильности.","Если ты хочешь продвижения, ну, по-любому, хоть она тебе там... Чтобы ты в офисе сидела, ну, я, к примеру, говорю, в офисе сидела, нужно высшее образование, там как бы повезет.","забота, прагматизм","образование, трудолюбие, карьерный рост","Респондент транслирует молодежи ценности образования и профессионального роста, отмечая, что без высшего образования перспективы крайне ограничены.",декларация,"образовательные учреждения, рынок труда",1.0,,,,,
1,"Зрелость, советский период",Трудовая жизнь и социальные гарантии в СССР,"Респондент рассказывает о трудовой жизни в советское время, о различиях в пенсиях по профессиям, о доступности жилья для рабочих и о ценах на продукты. Он отмечает, что рабочие получали больше инженеров, и что за 10 лет работы можно было получить квартиру или комнату.","10 лет ты отработал, тебе квартиру давали. Или комнату. А сейчас такого нету. Просто нету.","ностальгия, разочарование","справедливость, труд, социальная защищенность","Респондент противопоставляет советскую систему современной, подчеркивая утрату социальных гарантий и снижение статуса рабочего класса. Важным элементом выступает доступность жилья и уважение к труду.",эпизод,"советское предприятие, государство",,False,True,,,
2,"Юность, взросление","Досуг, культура и отношения в молодости","Вспоминает о посещениях кино, концертов, цирка, зоопарка, а также о семейных и соседских праздниках. Описывает атмосферу доверия и сплоченности в советском дворе и деревне.","Раньше весело было, ты каждого соседа знал. Соседа знал, действительно, как правильно говорят, ключ под коврик.","тепло, радость, легкая грусть","дружба, семейственность, коллективизм","Воспоминания о досуге и соседских отношениях иллюстрируют высокий уровень социальной связанности и доверия в советском обществе, а также важность коллективных форм досуга.",эпизод,,1.0,,,,,
3,"Зрелость, постсоветский период",Жилищный вопрос и стремление к самостоятельности,"Респондент говорит о своем желании жить отдельно, отмечает неудобства совместного проживания с родственниками и соседями, вспоминает опыт получения жилья женой и тещей.","Хотел бы отдельно жить и в отдельной квартире. Пускай небольшая, но отдельно. От соседей.","легкая неудовлетворенность, стремление к свободе","самостоятельность, личное пространство","Жилищный вопрос остается болезненным и в постсоветское время, самостоятельное проживание воспринимается как символ взрослости и свободы. Отмечается утрата прежних социальных гарантий.",декларация,,1.0,,False,,,совместное проживание с семьей
4,"Настоящее, зрелость",Отношение к государству и политике,"Респондент выражает резкое недовольство современным государством, считает, что власть коррумпирована и не заботится о народе. Сравнивает с советским временем, когда социальная поддержка была ощутимее.","Я не хочу на эту тему, но я немного намягивал, что я против. которые сейчас творятся, что они творят.","раздражение, разочарование, злость","справедливость, честность","Критика современной власти и ностальгия по советским порядкам типичны для старшего поколения, ощущающего утрату социальной справедливости и доверия к институтам.",декларация,"государство, Государственная Дума, правительство",1.0,,,,,
5,"Настоящее, зрелость",Политические взгляды и источники информации,"Респондент негативно оценивает работу государственных институтов, считает, что в стране процветает воровство и бандитизм. Источники информации — не только телевидение, но и личное общение, однако отмечает разницу восприятия у разных людей.","Это воровство. Как эти банки, если 28-30% кредит уходят, о чем мы можем говорить?","разочарование, возмущение","справедливость, независимость мнения","Недоверие к официальным источникам информации и государственным институтам, поиск альтернативных точек зрения характерны для части старшего поколения.",декларация,,1.0,True,,,,
6,"Настоящее, зрелость",Война и утрата связи с Украиной,"Респондент рассказывает о потере связи с родственниками на Украине из-за политических событий, выражает сожаление по поводу невозможности восстановить эти связи.","Я Украину потерял. У меня в Украине три сестры двоюродные. Многие у меня там родственники. Потерял Украину, что я могу сказать.","грусть, утрата","семья, родственные связи","Война и политические конфликты приводят к разрыву семейных и культурных связей, что воспринимается как личная трагедия.",перелом,,1.0,,,,,
7,"Зрелость, переходный период 90-х",Опыт жизни в 90-е годы,"Респондент вспоминает о трудностях 90-х: задержки зарплат, выдача продукции вместо денег, сокращения на заводах. Отмечает, что советские предприятия еще работали по инерции, но постепенно все исчезло.","В 90-х годах еще как-то работало все это. Как бы от советского осталось еще годы, предприятия, все прочее. Все это по старинке от советского работало. А сейчас этого просто нет.","разочарование, ностальгия","стабильность, труд","Переходный период 90-х воспринимается как время потерь и нестабильности, когда исчезли прежние гарантии и началась деградация промышленности.",эпизод,,1.0,True,,,,
8,"Настоящее, зрелость",Использование цифровых технологий,"Респондент пользуется интернетом и гаджетами с помощью детей и внуков, самостоятельно осваивает только базовые функции, в основном для просмотра фильмов.","У меня есть внучки, у меня есть дети. Ну-ка, мне вот это, они мне разбаз сделали.","благодарность, легкая неуверенность","семья, обучение, адаптация","Пожилые люди часто осваивают цифровые технологии с помощью младших членов семьи, что подчеркивает важность межпоколенческих связей.",эпизод,,1.0,,,,,
1,"Пенсионный возраст, современность",Использование цифровых технологий и отношение к информации,"Респондент предпочитает получать информацию через интернет, считает телевидение бесполезным источником новостей, использует ноутбук для развлечений и получения новостей, отмечает ограниченность и цензуру информации на ТВ.","Да, потому что по телевизору это бесполезно смотреть. Такого не покажут... Вот эту информацию, там есть еще примеры, где протекает так же, как вы вопрос задали, насчет того, что сейчас творится война и все прочее. Там много чего просасывается. которое не выгодно государству.","Скепсис, разочарование","Доступ к правдивой информации, самостоятельность в выборе источников","Респондент демонстрирует критическое отношение к государственным СМИ, предпочитает альтернативные источники информации, что характерно для части пожилого населения, освоившего цифровые технологии.",декларация,"Медиа, интернет",,Потребитель цифровых сервисов,,,,
2,"Пенсионный возраст, семейная жизнь","Досуг, развлечения и отношение к телевидению","Респондент использует интернет-приложения для развлечения (YouTube, TikTok, фильмы, кроссворды, карты), телевизор смотрит только ради футбола, критикует современное телевидение за однообразие и отсутствие интересного контента.","Телевизор я только смотрю, когда футбол идет... Первый канал я вообще не смотрел. Один я тоже не смотрел. Это бесполезные каналы. Только вот Матч. Есть канал. Когда играет футбол. Единственное.","Разочарование, ностальгия","Развлечения, спорт, индивидуальный выбор","Показательна смена медийных привычек у пожилых: уход от традиционного ТВ к интернету, сохранение интереса к спорту как к социальному и эмоциональному якорю.",декларация,"Медиа, спорт",,Потребитель цифровых и спортивных сервисов,,,,
3,"Пенсионный возраст, отношения с детьми и внуками",Воспитание и жизненные советы молодому поколению,"Респондент обсуждает увлечения внука (автомобили, ралли), советует получать профессиональные водительские категории для расширения возможностей трудоустройства, делится опытом работы в охране и наблюдениями за экономикой.","Я ему предлагаю ты лучше всех категории потом. Ну, чтобы а вдруг ты самосвалишь. профессиональные. Профессиональные, я имею в виду. Не только вот эти, чтобы были лековые. А профессиональные, чтобы... Там еще можно найти работу как бы денежную.","Забота, прагматизм","Забота о будущем детей, практичность, трудолюбие","Передача жизненного опыта и советов по трудоустройству — типичная стратегия старшего поколения, отражающая ценность стабильной работы и профессионализма.",эпизод,"Семья, рынок труда",,"Советчик, наставник",,,,
4,"Пенсионный возраст, современность",Оценка экономической и политической ситуации,"Респондент выражает пессимизм относительно будущего страны, критикует экономическую политику, рост налогов и сокращение производства, отмечает ухудшение условий для обычных людей.","Если что-то изменить, нужно все это правительству брать. Тогда что-то изменится. А так ничего. Только в худшую сторону. Сейчас все идет в худшую сторону.","Пессимизм, тревога","Справедливость, социальная защищенность","Позиция респондента отражает распространенное среди пожилых недоверие к власти и ощущение социальной несправедливости, характерное для постсоветского пространства.",декларация,"Государство, экономика",,Пассивный наблюдатель,,,,
5,"Пенсионный возраст, семейная жизнь",Семейные радости и повседневность,"Респондент рассказывает о семейных событиях: отдых детей в Крыму, собственный отдых на даче, празднование дня рождения дочери в ресторане, ностальгирует по живой музыке и прошлым временам.","Дети у меня последний раз на Крыму отдыхали, я на даче отдыхал. Как бы все нормально. Ничего такого.","Спокойствие, удовлетворение, ностальгия","Семья, традиции, простые радости","Семейные события и дача остаются важнейшими источниками радости и смысла для пожилых людей, а ностальгия по прошлому — типичный мотив в их рассказах.",эпизод,"Семья, досуг",1.0,,Дача,,,
6,"Пенсионный возраст, рефлексия",Ценности и жизненные ориентиры,"Респондент считает главным в жизни радость за детей и внуков, называет дачу источником счастья, отмечает, что для пенсионера важны простые удовольствия и отсутствие войны.","Ну сейчас, ну куда я могу на песне двигаться? Могу порадоваться за своих детей, за своих внуков. А мне-то куда двигаться? От кухни до телевизора? Куда я могу сейчас двигаться? Ну выйти, купить что-то такое, поесть, прогуляться. Дача. Вот для меня это радость.","Смирение, благодарность, легкая грусть","Семья, здоровье, мир, простые радости","Рефлексия респондента типична для пожилых: смещение фокуса на семью, дачу, здоровье, снижение притязаний, желание стабильности и мира.",декларация,"Семья, дача",,,Дача,,,
7,Детство и юность,"Воспоминания о детстве, семье и трудовой биографии","Респондент вспоминает детство на Украине, болезни ног, выздоровление благодаря климату, рассказывает о бабушке, репрессиях, письме Сталину, судьбе родственников, работе на вредном производстве, службе.","У меня ноги в детстве болели. Я просто выздоровелся. Там именно выздоровелся. По песку ходить и всё это... Бабушка у меня, правда, годик посидела за самогонку... Бабушка написала Сталину, и его освободили, между прочим.","Ностальгия, гордость, легкая грусть","Семейная сплоченность, трудолюбие, выживание","Воспоминания о тяжелых, но насыщенных событиями временах, семейных трудностях и успехах, типичны для поколения, пережившего советскую эпоху.",эпизод,"Семья, государство, производство",1.0,,,,,
8,"Взрослая жизнь, зрелость","Семейная жизнь, развод, отношения с детьми","Респондент рассказывает о браке, разводе, благодарности бывшей жене за детей, трудных и счастливых периодах совместной жизни, подчеркивает отсутствие сожалений.","Я ей благодарен, что у меня трое детей. Я ей благодарен. А так, конечно, какая у меня жизнь была с ней. Но опять же, я говорю, что 18 лет мне прожил, 9 лет, когда я пришивал, это были хорошие дни. Нормально. Как и должно быть. А 9 лет это просто в аду было.","Благодарность, примирение, легкая грусть","Семья, дети, принятие прошлого","Рассказ о разводе без осуждения, с акцентом на благодарности за детей, отражает зрелое отношение к жизненным трудностям и семейным ценностям.",узел,Семья,,,,,,
9,"Пенсионный возраст, отношения с внуками","Радость от общения с внуками, семейная поддержка","Респондент с гордостью рассказывает о внуках, отмечает их красоту, активное участие в жизни, помощь с техникой, подарки на день рождения.","Это, наверное, самое лучшее, что есть. То, что он детьми, дедом называет... На день рождения они у меня вот тот телефон, ноутбук купили.","Гордость, радость, благодарность","Семья, забота, взаимопомощь","Внуки становятся главным источником радости и смысла для пожилого человека, что типично для семейно-ориентированных культур.",эпизод,Семья,,"Потребитель подарков, цифровых устройств",,,,
1,"пожилой возраст, зрелость",Семья и забота о близких,"Респондент рассказывает о текущем этапе жизни, где главную роль играют забота о детях и внуках, выполнение семейных обязанностей, поддержание семейного благополучия.","Дети здоровые, внучки здоровые, внук здоровый. У них как-то что-то складывается. Все замечательно. ... Ну, а вечно деду приказание такое. Куда деться? Никуда не деться. У меня есть выбор, нет выбора.","спокойствие, удовлетворение, легкая ирония","семья, забота о близких, ответственность","Для пожилых людей характерно смещение фокуса на семью, заботу о младших поколениях, принятие роли помощника и хранителя семейных традиций. Чувство долга и ответственности сочетается с ироничным принятием неизбежности бытовых обязанностей.",эпизод,семья,,,,,,
2,"настоящее время, зрелость",Ощущение текущего момента и повседневности,"Респондент описывает свое текущее состояние как спокойное и благополучное, отмечает простые радости и бытовые дела, такие как чистка рыбы, выполнение поручений.",Сейчас вот пока до этого я хочу корюшку почистить.,"спокойствие, удовлетворение","простота, принятие, бытовой уклад","В пожилом возрасте повседневные дела и рутина становятся важной частью жизни, придавая ей структуру и смысл. Простые действия воспринимаются как естественная часть жизненного уклада.",эпизод,,,,,,,
3,настоящее время,Рефлексия о себе и своем положении,"Респондент выражает принятие себя, отсутствие внутренних конфликтов, ощущение гармонии с собой и своим положением.",Я себя считаю человеком. В данный момент у меня все прекрасно. Все чудесно.,"уверенность, спокойствие","самоуважение, принятие себя","Для пожилых людей характерно стремление к внутренней гармонии, переосмыслению жизненного пути и принятию себя вне зависимости от внешних обстоятельств.",декларация,,,,,,,
4,настоящее время,"Взаимодействие с исследователем, отношение к интервью","Респондент спокойно и с интересом относится к участию в интервью, воспринимает это как возможность провести время с пользой, пообщаться.","А почему не поболтать, не поговорить? Было бы, знаете, туда-сюда, есть свободное время. Ну, смотрел бы телевизор, что-то такое. А так...","доброжелательность, легкая ирония","открытость, общительность",Готовность к диалогу и открытость к новым формам коммуникации свидетельствуют о социальной активности и адаптивности пожилых людей.,эпизод,,,,,,,
005,настоящее время,"Пожелания другим, отношение к будущему","Респондент выражает доброжелательность, желает удачи и счастья окружающим, с легкой иронией относится к мечтам и планам на будущее.","Всех пожелаю удачи, счастья.","доброжелательность, легкая ирония","оптимизм, доброжелательность","Пожелания счастья и удачи — проявление социальной солидарности, характерное для людей старшего возраста, а ироничное отношение к мечтам — признак жизненного опыта и реализма.",декларация,,,,,,,
