id,life_stage,theme,summary,quote,emotion,values,sociological_note,type,institution,housing_promised,market_participation,children_count,collapse_context
1,Детство (1986–2002),"Семья, ранние годы и хозяйство","Респондент родился в 1986 году в селе Свердликово Курской области, в семье пожилых родителей. Детство прошло в сельской местности, в условиях большого хозяйства и необходимости помогать родителям с ранних лет. Семья была большой и многодетной, с многочисленными родственниками по обеим линиям, но с разной степенью близости.","Все свое детство я провел как детство. Юнош, ну детство до 16 лет провел в этом же населенном пункте в Свердликово. Жил, учился там. Хозяйство было у нас очень большое, родители были пенсионерами, на пенсию было сложно жить, и занимались хозяйством, был огород собственный, ну, собственно, это и помогало существовать и жить.","Теплая ностальгия, благодарность, некоторая грусть","Семья, трудолюбие, взаимопомощь, ответственность","Детство респондента прошло в условиях сельской общины, где важны коллективизм, взаимопомощь и труд. Большое значение придавалось семейным связям и поддержке, а также самостоятельности с раннего возраста.",эпизод,"Свердляковская средняя школа, сельское хозяйство",0.0,False,,
2,Подростковый возраст (2002–2004),Переезд и начало самостоятельности,"В 9 классе по инициативе сестры респондент переезжает из села в Москву (Балашиха) для продолжения учебы. Испытывает трудности адаптации, тоскует по дому, но родители настаивают на необходимости образования и переезда.","Потом, значит, в один прекрасный момент, летом, средняя сестра позвонила маме и предложила, чтобы я, так как я уже был в девятом классе, предложила, чтобы я ехал в Москву учиться... Желание уехать большое было, потому что я все время рос там, там родина, там все было, а здесь я приехал, я один был.","Тревога, неуверенность, тоска по дому, но и надежда","Образование, самостоятельность, поддержка семьи","Переезд из села в город — типичная стратегия мобильности для молодежи из сельской местности. Семья выступает инициатором и поддержкой, несмотря на эмоциональные трудности.",перелом,"ПТУ, семья сестры в Москве",1.0,False,,
3,Юность и ранняя взрослость (2004–2008),Образование и первые шаги в профессии,"Респондент поступает в ПТУ на газоэлектросварщика, хотя хотел быть автомехаником. После ПТУ пытается получить высшее образование в Славянском деловом институте, параллельно работает в Макдональдсе, но бросает институт на втором курсе из-за личных обстоятельств и желания самостоятельности.","Хотел поступить в экономический колледж в Москве, но не хватило двух баллов... Пошел учиться в ПТУ... Пошел учиться дальше, устроился в Славянский деловой институт на факультет экономики, стал учиться там. Параллельно работал в Макдональдсе, сам себе оплачивал учебу... Два с половиной года, да, я отучился. И бросил учебу.","Разочарование, сожаление, но и гордость за самостоятельность","Самостоятельность, труд, образование, ответственность","Путь респондента отражает типичную для провинциальной молодежи траекторию: профессиональное образование, попытка получить высшее, ранний выход на рынок труда. Важна поддержка семьи, но растет самостоятельность.",узел,"ПТУ, Славянский деловой институт, Макдональдс",0.0,True,,
4,Взрослая жизнь (2008–2018),Карьера и создание семьи,"Респондент делает карьеру в одной компании (Макдональдс/Вкусно и точка), начиная с низовой позиции и достигая должности директора ресторана. Здесь же знакомится с будущей супругой, создает семью, появляются дети.","Отработал я в компании 22 года. Обычно у работника, который мыл полы в зале и в туалетах, я стал директором ресторана... В компании я познакомился с супругой, она тоже там работала... Поженились мы, появился у нас один ребенок, потом второй.","Гордость, удовлетворение, благодарность","Карьерный рост, семья, трудолюбие, развитие","Долгосрочная работа в одной компании с возможностью карьерного роста — редкость для современной России, но характерна для крупных международных корпораций. Работа становится не только источником дохода, но и пространством для социальных связей и личной жизни.",узел,Макдональдс/Вкусно и точка,0.0,True,,
5,Настоящее время (2018–2025),"Смена работы, семейная жизнь и новые интересы","В 2018 году респондент уходит с должности директора и переходит в другую компанию. В семье появляется третий ребенок. Свободное время посвящает работе и детям, активно вовлечен в спортивную жизнь сыновей, сам начинает заниматься спортом.","В 2018 году я в должности директора уволился и ушел в другую компанию работать. И буквально два года назад у нас появился третий мальчик... Все свободное время посвящаю двум вещам этой работы, потому что семья обязывает к этому. И остальную часть это ребятам, детям. Посвящаем тренировкам, ребята занимаются спортом, поэтому уделяем внимание поездкам на какие-то турниры, на какие-то соревнования.","Удовлетворение, усталость, забота, вовлеченность","Семья, забота о детях, развитие, спорт",Семейная жизнь и забота о детях становятся центральными. Вовлеченность в спорт детей и собственное участие в спортивной жизни отражают современные тренды семейного досуга и заботы о здоровье.,эпизод,"Новая компания (не указана), спортивные секции",0.0,True,,
6,Рефлексия и ценности (сквозной мотив),Оценка детства и передача опыта детям,"Респондент с теплотой и гордостью вспоминает свое детство, подчеркивает разницу между своим опытом и современным детством своих детей. Считает важным передавать навыки и ценности, полученные в детстве, своим сыновьям.","Я рассказываю своим сыновьям, что у меня не было телефона. У меня телефон первый появился в 18 лет, по-моему. Я купил его на вторую заработную плату, которую получил сам. Я рассказывал, как мы ходили гулять, что мы зимой делали, какие мы приспособления делали, чтобы катались собственными руками. Интересным было детство.","Гордость, ностальгия, желание передать опыт","Самостоятельность, труд, умение делать руками, семейные традиции","Респондент осознает разрыв поколений и стремится компенсировать недостаток самостоятельности у современных детей, передавая им свой опыт и ценности. Это типичная стратегия родителей, выросших в условиях дефицита и коллективизма.",декларация,Семья,0.0,False,,
1,Переход от руководящей должности к новой работе,Увольнение с работы и переосмысление профессионального пути,"Респондент внезапно уволился с должности директора, не имея чёткого плана на будущее. Решение было эмоциональным, связанным с выгоранием и осознанием несоответствия управленческой работы его склонностям. Он предпочитает техническую деятельность и меньшую ответственность.","Да просто взял, на самом деле взял и ушел. Вот одним днем написал заявление и ушел. Вот честно. Не знаю, может быть какой-то эмоциональный срыв, может быть какой-то пик вот этого всего, что... происходило на тот момент.","эмоциональное истощение, растерянность, облегчение","самоосознание, честность с собой, поиск своего места","Ситуация типична для профессионального выгорания на руководящих позициях, особенно у людей с техническим складом ума, которым некомфортно в административных ролях. Решение уйти без плана указывает на внутренний кризис и поиск аутентичности.",перелом,работа (директор),,выход из формального рынка труда,,
2,Переходный период после увольнения,Поиск новой работы и поддержка семьи,"После увольнения респондент не имел чёткого плана, но был уверен, что сможет зарабатывать. Жена предложила работу в своей компании, и он быстро устроился туда. Параллельно у него есть небольшой автосервис с товарищем.","Вчера уволился, а сегодня уже пошел туда работать, ну, устраиваться. Ну, в принципе, я пока здесь и работаю.","уверенность, спокойствие, благодарность","семейная поддержка, гибкость, самостоятельность",Семейные связи выступают важным ресурсом для адаптации к переменам. Быстрый переход в новую сферу и наличие побочного бизнеса свидетельствуют о высокой адаптивности и предпринимательских чертах.,эпизод,"работа (промоутерская компания жены, автосервис)",,"неформальная занятость, семейный бизнес",,
3,Настоящее время,Текущая работа и отношение к труду,"Респондент работает в сфере мерчендайзинга, занимается расстановкой продукции, продвижением товаров. Для него важна не престижность, а финансовая выгода и гибкий график, позволяющий уделять время семье.","Я мечтаю лежать на диване, чтобы деньги были. Но так не бывает. Я не боюсь работы, честно. Мне вообще все равно, что делать. Главное, чтобы эта работа была прибыльной.","прагматизм, удовлетворённость","финансовая стабильность, свобода, баланс работа-семья","Прагматичный подход к труду характерен для людей, прошедших через профессиональные кризисы. Гибкий график становится ключевым фактором выбора работы для родителей с детьми.",декларация,работа (мерчендайзер),,"наёмная занятость, гибкий график",,
4,Настоящее время,Баланс между работой и семьёй,"Текущая работа позволяет респонденту самостоятельно планировать время, быть с детьми на мероприятиях, видеть их рост, чего не хватало на прежней руководящей должности.","Я могу быть на соревнованиях, на тренировках, на каких-то выездных с детьми. Я вижу, как они растут. Раньше я по своему старшему служил, что я не видел вот этого, как он рос, грубо говоря.","удовлетворение, радость, благодарность","семья, участие в жизни детей, самостоятельность",Смена профессиональных приоритетов в пользу семьи характерна для родителей с несколькими детьми. Гибкость занятости становится инструментом повышения качества жизни.,узел,,0.0,,,
5,Семейная жизнь,Динамика семейных отношений,"Супружеская жизнь проходит через разные этапы: от гармонии в начале до сложностей с появлением детей. Респондент признаёт трудности, усталость супруги, необходимость делить внимание между детьми и друг другом.","Свадьба да там первый год там все замечательно но какие-то моменты в любом случае любой семейной паре они есть... С появлением второго третьего ребенка сложно. И мне иногда сложно. Но больше ей сложно, она устает.","принятие, сочувствие, усталость","семья, взаимопомощь, честность","Рост семьи увеличивает нагрузку на обоих супругов, особенно на жену. Мужчина осознаёт и проговаривает сложность родительства, что свидетельствует о рефлексии и эмпатии.",эпизод,,,,3.0,
6,Родительство,Влияние появления детей на жизнь и приоритеты,"Появление детей изменило образ жизни, интересы и потребности респондента. Он стал больше интересоваться спортом, тратить ресурсы на детей, а не на себя. Отношения с супругой тоже изменились, появилась ревность к вниманию, которое она уделяет детям.","Дети растут, проблемы растут. Я заинтересовался видами спорта, которые вообще не знал и не увлекался. Мы сейчас смотрим вместе соревнования по дзюдо с ребенком.","принятие, лёгкая грусть, забота","забота о детях, саморазвитие, адаптация","Переориентация ресурсов и интересов на детей типична для семей с несколькими детьми. Мужчина отмечает эмоциональные изменения в отношениях с супругой, что отражает сложность адаптации к новому семейному укладу.",узел,,,,3.0,
7,Детство и юность,Влияние семьи происхождения,"Сестра забрала респондента в другой город, что стало важным событием, повлиявшим на его судьбу. Он размышляет, как бы сложилась жизнь, если бы этого не произошло.","Сестра поступила, что забрала меня сюда. Может быть то, что мама так поступила и сестра поэтому так поступила. Я задумался, если бы меня не забрали туда, как бы моя жизнь сложилась.","благодарность, рефлексия","семейная поддержка, судьба, благодарность","Миграция внутри страны по семейным причинам часто становится переломным моментом в биографии, определяя дальнейший жизненный путь.",перелом,семья происхождения,,,,
8,Взрослая жизнь,Потеря отца и переживание утраты,"Респондент пережил тяжелую утрату — смерть отца. Он описывает момент прощания как очень трудный, не сравнимый с обычным стрессом, а как глубокую душевную боль.","Я сижу с ним, прощаюсь, я понимал, что он как бы живой, он видит меня, понимает меня, но с другого момента живым его уже я не увидел.","грусть, тяжесть, скорбь","семейные узы, память, принятие","Переживание утраты родителей — важный этап взросления, влияющий на самоощущение и ценности. Мужчина отмечает нехватку родительской поддержки даже во взрослом возрасте.",эпизод,семья происхождения,,,,
9,Взрослая жизнь,Стрессоустойчивость и эмоциональные реакции,"Респондент описывает свою эмоциональность, способы реагирования на стресс в разных сферах жизни. В семье стресс воспринимается сильнее, чем на работе, особенно если он касается детей.","Я вообще очень эмоциональный человек. Я могу матом поругаться. Я пытаюсь себя в руках держать, но если я понимаю, что здесь находятся люди, с которыми я могу позволить это, я это делаю.","откровенность, самоирония","эмоциональная честность, забота о близких","Мужчины часто сдерживают эмоции на работе, но позволяют себе быть более открытыми дома. Стресс, связанный с детьми, воспринимается как более значимый, чем профессиональные неудачи.",декларация,,,,,
10,Взрослая жизнь,Моральные дилеммы и честность,"Респондент затрудняется вспомнить случаи, когда приходилось обманывать ради решения сложных ситуаций. Он считает, что лучше сразу признать ошибку, чем скрывать её.","По поводу работы, я считаю, что лучше сразу сказать, что накосячили и все.","уверенность, прямота","честность, открытость, ответственность","Высокая ценность честности и открытости в профессиональной и личной жизни. Склонность к прямому решению проблем, избегание манипуляций.",декларация,,,,,
11,Рефлексия над жизнью,Опыты взросления и нехватка родительской поддержки,"Респондент отмечает, что родители рано ушли из его жизни, и ему не хватало их совета и поддержки. Сестра помогала, но родительское наставление ощущается как незаменимое.",Родители старенькие рано ушли с моей жизни и я как бы один может быть некому было в нужный момент подсказать рассказать сестра есть сестра но папа с мамой совсем другой.,"грусть, сожаление, благодарность","семейная поддержка, наставничество, самостоятельность","Отсутствие родительской поддержки формирует самостоятельность, но оставляет внутреннюю потребность в наставничестве и одобрении.",узел,,,,,
1,"Зрелая семейная жизнь, будни взрослого человека","Распорядок дня, семейные обязанности и работа","Респондент описывает свой типичный день: ранний подъем, жена собирает детей в школу, завтрак с супругой, работа с разным графиком, возвращение домой к ужину, общение с детьми, выполнение домашних дел и поздний отход ко сну. Выходные заняты поездками на тренировки и соревнования детей, иногда — домашними делами.",Движение — жизнь.,"Усталость, но принятие и удовлетворение семейной жизнью","Семья, ответственность, поддержка, планирование, забота о детях","Типичная модель распределения семейных и трудовых обязанностей в современной российской семье с несколькими детьми. Высокая занятость, многозадачность, приоритет семейных интересов.",эпизод,"семья, работа",0.0,True,,
2,Зрелая семейная жизнь,Отношение к сну и усталости,"Респондент признает хроническую усталость и нехватку сна, несмотря на устоявшийся режим. Сон воспринимается как желанная, но недостижимая роскошь.","Я вообще спать все время хочу спать. Вот если бы мне сказали спить целый день, я бы, наверное, спал целый день.","Усталость, легкая ирония","Приспособляемость, трудолюбие",Проблема хронической усталости и недосыпа характерна для родителей с высокой нагрузкой и сменным графиком работы.,декларация,,,,,
3,Зрелая семейная жизнь,Перерывы и отдых в течение дня,"Перерывы на работе нерегламентированы, используются для морального отдыха, общения с супругой, друзьями и родственниками. Вечером времени на это не хватает из-за семейных обязанностей.","Ты приехал, у тебя дети, у тебя здесь галдеж, обсуждение. Какие-то задачи уже решаешь другие.","Легкая усталость, прагматизм","Семья, поддержка, общение",В условиях высокой занятости даже короткие перерывы используются для поддержания социальных связей.,эпизод,,,,,
4,Зрелая семейная жизнь,Домашние животные и распределение заботы,"Забота о домашнем животном в основном лежит на супруге, дети подключаются по необходимости.","Ну, получается, что супруга, потому что заставляли, ну, скажешь, покормят, не скажешь...","Безразличие, легкая ирония","Распределение обязанностей, семейная поддержка","Традиционное распределение домашних обязанностей, где основная нагрузка ложится на женщину.",эпизод,,,,,
5,Зрелая семейная жизнь,Отношение к работе и самозанятости,"Самозанятость и работа с техникой — скорее хобби, чем источник дохода. Увлечение техникой идет с детства, реализуется через ремонт автомобилей и чип-тюнинг. Работа по найму воспринимается как необходимая, но менее ценная, чем прежний опыт в коллективе.","Машины – это как бы моя страсть. Я люблю очень машины, я люблю сам это делать.","Увлеченность, сожаление о нереализованных возможностях","Самостоятельность, профессионализм, интерес к технике","Самозанятость часто воспринимается как способ самореализации, но не всегда становится основным источником дохода из-за рисков и нехватки времени.",узел,,,True,,
6,Зрелая семейная жизнь,Отношение к работе и коллективу,"На нынешней работе респондент не чувствует себя по-настоящему ценным, в отличие от прежней работы, где коллектив был сплоченным. Сейчас люди часто меняются, нет ощущения семьи.",На той работе меня больше ценили люди. Почему? Потому что на той работе мы были как семья.,"Сожаление, ностальгия","Коллективизм, стабильность, признание",Смена трудовых коллективов и анонимность современных рабочих отношений снижают уровень удовлетворенности работой.,перелом,работа,,,,
7,Зрелая семейная жизнь,"Досуг, хобби и семейные увлечения","Свободное время посвящается семье, совместным хобби с детьми (коллекционирование монет), иногда рыбалке. Личные увлечения отходят на второй план из-за нехватки времени.",Лучше я дома посижу с ребятами.,"Удовлетворение, легкая тоска по личному времени","Семья, совместное времяпрепровождение, традиции","Досуг родителей часто интегрируется с интересами детей, личные хобби уступают место семейным.",эпизод,,,,,
8,Зрелая семейная жизнь,Отношение к культуре и медиа,"Посещение театров и концертов — редкость, сериалы смотрят всей семьей по выходным. Музыкальные предпочтения не выражены, главное — приятная атмосфера.","Сериалы, да, всей семьей смотрим, когда есть время.","Нейтральность, спокойствие","Семейное единство, простота","Культурные практики ориентированы на совместное потребление медиа-контента, а не на индивидуальные интересы.",эпизод,,,,,
9,Зрелая семейная жизнь,Отношение к природе и экологии,"Респондент вырос в деревне, любит природу, предпочел бы жить ближе к ней. Экологические проблемы волнуют мало, кроме бытового мусора после отдыхающих.","Я бы жил где-нибудь в природе. Я человек, который вырос в деревне.","Ностальгия, раздражение (по поводу мусора)","Природа, чистота, простота","Экологическая ответственность ограничивается бытовыми практиками, глобальные проблемы воспринимаются как далекие.",декларация,,,,,
10,Зрелая семейная жизнь,Отпуск и восстановление,"Полноценный отпуск — только летом, поездка на море с семьей. Восстановиться полностью не удается, но смена обстановки дает эмоциональную перезагрузку. Идеальный отпуск — без суеты и с достатком времени.",Опять все упирается в время.,"Легкое разочарование, стремление к покою","Семья, отдых, время","Отпуск воспринимается как редкая возможность для семейного единения и эмоционального восстановления, но не как полноценный отдых.",эпизод,,,,,
11,Зрелая семейная жизнь,Близкие люди и социальные связи,"Близкие люди — это семья и те, с кем есть взаимопонимание. С некоторыми родственниками отношения прекратились из-за конфликтов и образа жизни.","Может быть, с кем бы ты не хотел общаться, но это твой родной человек, поэтому нужно искать подход.","Принятие, легкая грусть","Семья, взаимопонимание, границы","Семейные связи сохраняются, но не любой ценой; важна эмоциональная близость и общие ценности.",узел,,,,,
12,Зрелая семейная жизнь,Семейные конфликты и разрыв отношений,После смерти матери отношения с одной из сестер испортились из-за ее асоциального поведения. Семья вынуждена была прекратить общение и выгнать ее из родительского дома.,"Нам пришлось неоднократно сказать, либо ты прекращаешь такой образ жизни... либо ищи место другое.","Грусть, разочарование, решимость","Ответственность, порядок, забота о семье","Семейные конфликты могут приводить к разрыву даже близких родственных связей, если нарушаются базовые нормы поведения.",перелом,,1.0,,,
13,Зрелая семейная жизнь,Семейные традиции,"Главные традиции — совместное празднование дней рождения, Нового года и других праздников в кругу семьи. Обычаев как таковых нет, но поддерживается семейная сплоченность.","Стараемся все вместе кучкой держать, поддерживать какие-то родственные связи.","Тепло, удовлетворение","Семья, традиции, сплоченность",Семейные праздники — важный элемент поддержания родственных связей и идентичности.,эпизод,,,,,
14,Зрелая семейная жизнь,"Отношения с супругой, ценности в партнерстве","Важна взаимная поддержка, умение справляться с трудностями вместе. Партнерство строится на совместимости и умении ценить друг друга.","Пытаемся справиться со всеми невзгодами, трудностями, какими-то препятствиями, потому что она подходит мне, а я подхожу ей.","Уверенность, благодарность","Взаимная поддержка, совместимость, уважение","Современная модель партнерства строится на равенстве и взаимной поддержке, а не на традиционных ролях.",декларация,,,,,
1,Зрелая семейная жизнь,Отношения в семье и ценности,"Респондент отмечает, что семья и дети сблизили супругов, научили ценить моменты взросления детей и проводить больше времени вместе, а не фокусироваться только на заработке.","Семья. Благодаря ей я тоже стал понимать, что нужно эти моменты ценить, которые связаны с взрослением детей. Что больше времени нужно проводить с семьей, а не пытаться максимально заработать денег.","Благодарность, осознанность","Семья, близость, совместное время, воспитание детей","Респондент демонстрирует переход от материалистических установок к ценности семейного времени, что характерно для зрелого этапа жизни и родительства.",эпизод,Семья,,,,
2,Зрелая семейная жизнь,Разногласия в воспитании детей,"В семье возникают споры по поводу методов воспитания детей: респондент считает супругу слишком строгой, предпочитает более мягкий подход.","Мы всегда начинаем спорить, ссориться из-за того, кто как воспитывает детей. Я говорю, что ты резко, грубо, но ты можешь с ним понежнее, попонятнее ему объяснить.","Раздражение, желание гармонии","Понимание, мягкость, забота о детях","Типичная для современных семей ситуация: разногласия по вопросам воспитания, поиск баланса между строгостью и мягкостью.",узел,Семья,,,,
3,Зрелая семейная жизнь,Финансовое устройство семьи,"Финансовыми вопросами в семье занимается супруга, респондент полностью доверяет ей управление бюджетом и не скрывает доходы.","Вся финансовая часть это супруга, это финансовый директор. У меня нет такого, что, знаете, скрыл, сколько я получил. У меня вообще нет.","Доверие, спокойствие","Прозрачность, доверие, партнерство","Распределение ролей в семье: жена отвечает за финансы, что отражает доверие и современную модель партнерства.",декларация,Семья,,,,
4,Зрелая семейная жизнь,Отношения с родственниками супруги,"У супругов мало родственников, отношения с матерью жены сложные из-за ее ухода из семьи. Для респондента это непривычно, так как он вырос в сплоченной семье.","У меня никого нет, кроме сестер, а у нее тоже, кроме одной сестры, нет никого. ... мама их бросила в определенный момент, поэтому никак не складывается...","Сочувствие, недоумение","Семейная сплоченность, поддержка",Опыт семейной травмы супруги влияет на эмоциональный климат семьи; респондент отмечает различие в семейных моделях.,эпизод,Семья,,,,
5,Зрелая семейная жизнь,Роль детей в жизни,"Появление детей увеличило потребности, заставило больше работать, но также стало источником радости и мотивации.","Заставляют, наверное, больше работать. потребности расход поэта.","Ответственность, усталость, мотивация","Ответственность, забота о будущем","Дети становятся драйвером активности и роста, но увеличивают нагрузку на родителей.",эпизод,Семья,,,,
6,Зрелая семейная жизнь,Дружба и социальные связи,"Друзья — это люди, на которых можно положиться в любой ситуации. Большинство друзей появились после переезда, детских друзей почти нет.","Это вот люди, которым ты в любое время можешь позвонить, и он тебе там начнет вопросы задавать, и скажет, что я сейчас там подъеду.","Теплота, благодарность","Надежность, поддержка, взаимопомощь","Социальные связи формируются преимущественно во взрослом возрасте, после переезда, что типично для мобильных городских жителей.",декларация,,,False,,
7,Зрелая семейная жизнь,Ощущение поддержки и одиночества,"Респондент чувствует поддержку со стороны семьи и друзей, но иногда испытывает мимолетное чувство одиночества и потребность в мужском общении.","Несмотря на то, что вы окружены многими людьми… Да, но вот иногда такой момент, что чего-то не хватает, чего-то прям хочется такого, а этого нет.","Легкая грусть, ностальгия","Доверие, открытость, эмоциональная близость",Даже при наличии семьи и друзей у мужчин сохраняется потребность в специфическом мужском общении и эмоциональной разрядке.,эпизод,,,,,
8,Зрелая семейная жизнь,Здоровье и отношение к медицине,"Респондент не уделяет особого внимания здоровью, обращается к врачам только при необходимости. Питание и образ жизни несбалансированы из-за темпа жизни и работы.","Самое главное, не болеть и хорошо, наверное. Я так отношусь к своему здоровью. Если что-то начинает беспокоить, болеть, тогда уже начинаешь записываться в поликлинику.","Безразличие, легкая тревога","Практичность, минимализм","Преобладает реактивный подход к здоровью, характерный для занятых взрослых мужчин.",декларация,Медицина,,,,
9,Зрелая семейная жизнь,Физическая активность и привычки,"Респондент не занимается спортом профессионально, но много двигается на работе. Признает наличие вредных привычек (курение, пиво), но не считает их критичными.",Профессионально ничем никогда не занимался... В плане подвижности я все время нахожусь в движении.,"Самокритика, принятие","Движение, умеренность","Физическая активность воспринимается как часть повседневной рутины, а не как осознанная забота о здоровье.",декларация,,,,,
10,Зрелая семейная жизнь,Отношение к официальной и народной медицине,"Респондент доверяет официальной медицине, но отмечает коммерциализацию системы и недостаток квалифицированных специалистов. К народной медицине относится скептически, но верит в православные обряды.","Положительно поддерживаю, если это все правильно оказанное, медицинская помощь, правильно выявленная медицина. Конечно, да, без этого никак.","Сдержанное доверие, критичность","Рациональность, традиции, вера",Двойственное отношение к медицине: рациональное доверие к официальной системе сочетается с критикой и элементами традиционализма.,декларация,Медицина,,,,
11,Зрелая семейная жизнь,Вакцинация и медицинские практики,"Респондент придерживается традиционного подхода: делает все прививки себе и детям, доверяет советской системе.","Я все прививки в детстве делал, делаю и детям делаю.","Уверенность, спокойствие","Традиции, ответственность","Сохраняется доверие к советским медицинским практикам, что типично для поколения, выросшего в СССР.",декларация,Медицина,,,,
12,Зрелая семейная жизнь,Эмоциональное состояние и стресс,"Респондент часто испытывает эмоциональный стресс, раздражение из-за внешних обстоятельств (пробки, работа), пытается справляться с этим с помощью музыки и общения.","Наверное, я постоянно нахожусь в каком-то эмоциональном стрессе. ...музыку включить, кем-то позвонить, поговорить, общаться.","Раздражение, усталость","Саморегуляция, адаптация",Высокий уровень стресса характерен для городских жителей среднего возраста; поиск простых способов эмоциональной разрядки.,эпизод,,,,,
13,Зрелая семейная жизнь,Отношение к психологической помощи,"Респондент не обращался к психологу, но допускает такую возможность. Отмечает внутренние барьеры и скепсис.","Я не обращался, но, может быть, хотел бы пообщаться с таким человеком. Но меня отпугивает или настораживает то...","Скепсис, осторожность","Самостоятельность, рациональность","Скепсис к психологической помощи типичен для мужчин старшего поколения, но появляется интерес к новым практикам.",декларация,Психологическая помощь,,,,
1,"Взрослая жизнь, родительство",Отношение к психотерапии и заботе о здоровье,"Респондент выражает недоверие к шаблонным подходам психотерапевтов, подчеркивает важность индивидуального подхода. Проявляет тревожность по поводу здоровья близких, особенно детей, и переживает за собственное здоровье и работоспособность в будущем.","Я боюсь, что у него есть определенный шаблон, определенный алгоритм у этого психотерапевта или психолога, который он применяет ко всем. Тут же индивидуально у каждого своя история...","Тревожность, мнительность","Индивидуальный подход, забота о семье, ответственность","Респондент демонстрирует высокий уровень тревожности, характерный для родителей с маленькими детьми, а также недоверие к формализованным институтам помощи.",декларация,,,,,False
2,"Взрослая жизнь, родительство",Ожидания поддержки в старости,"Респондент надеется на поддержку детей в будущем, но осознает неопределенность этого сценария. Воспитывает детей в духе взаимопомощи между поколениями.","Конечно, хочется верить, что все-таки это дети будут, да, которые помогут в старости. ... Хотя мы воспитываем в таком направлении, что должны помогать родителям.","Надежда, неуверенность","Семейная взаимопомощь, традиционные ценности","Отражает традиционную модель межпоколенческой поддержки, но с элементами сомнения, характерными для современных семей.",декларация,,,,,False
3,"Настоящее время, взрослая жизнь",Финансовое положение семьи,"Денег хватает только на базовые нужды: еду, одежду, коммунальные услуги. На крупные покупки приходится долго думать, иногда брать кредит. Супруга в декрете, подрабатывает дома.",Хватает денег только на еду.,"Сдержанный оптимизм, реализм","Рациональность, ответственность, семейное сотрудничество","Семья с детьми, один основной кормилец, типичная ситуация для российских семей среднего класса. Присутствует кредитная нагрузка.",эпизод,"Семья, рынок труда, кредитные организации",,"Ограниченное, преимущественно базовые расходы",,False
4,"Настоящее время, взрослая жизнь",Потребительское поведение и экономия,"Семья экономит на дорогих продуктах и вещах, редко делает спонтанные покупки. Положительно относится к скидкам и акциям, активно использует маркетплейсы для покупок, особенно из-за ограниченной мобильности супруги.","акции акции скидки Постоянно и часто. А почему нет? лишний повод сэкономить что-то, получить повыгоднее.","Практичность, спокойствие","Экономность, рациональность, удобство",Переход к онлайн-покупкам связан с семейными обстоятельствами (маленький ребенок). Экономия становится нормой.,эпизод,,,"Онлайн-торговля, маркетплейсы",,False
5,"Настоящее время, взрослая жизнь",Отношение к поддержанным вещам,"Семья не покупает поддержанную одежду, кроме случаев, когда вещи передают знакомые. Однако поддержанные инструменты и оборудование покупает и продает.","Про одежду от слова совсем. Но если только эта одежда не от своих, ее просто не отдали.","Нейтральность, прагматизм","Гигиена, доверие к близким, рациональность","Сохраняется стигма по отношению к поддержанной одежде, но прагматизм в отношении техники.",декларация,,,"Вторичный рынок (техника, инструменты)",,False
6,"Настоящее время, взрослая жизнь",Финансовые ограничения и сбережения,"Семья не может откладывать деньги из-за равенства доходов и расходов. Крупные покупки возможны только в кредит. Автомобиль в кредите, другого имущества нет.","Не получается, честно. Как ни пытаемся, но не получается. Потому что на текущий момент расходы практически равны доходам.","Смирение, легкая тревога","Ответственность, реализм","Отражает типичную ситуацию для семей с несколькими детьми: отсутствие финансовой подушки, зависимость от кредитов.",узел,,0.0,Кредитование,,False
7,"Настоящее время, взрослая жизнь",Финансовые решения в семье,"Крупные траты обсуждаются совместно, возможны споры, но решения принимаются сообща. Приоритет — важные расходы, связанные с детьми.","Ну, как-то приходим к общему мнению, прям, знаете, что штыки там нет, все я сказал, или сказала, надо сделать, купить там, не знаю, телевизор какой-нибудь, плазму большую. Такого нет.","Сотрудничество, компромисс","Семейное согласие, приоритет детей","Демократизация семейных финансовых решений, смещение акцента на нужды детей.",эпизод,,,,,False
8,"Настоящее время, взрослая жизнь",Гендерные роли и карьера,"Респондент изменил взгляды: теперь считает, что женщина может делать карьеру, если это не в ущерб семье. Не против, если жена будет зарабатывать больше.","Я не против, чтобы женщина делала карьеру и там зарабатывала даже больше. Я нормально к этому отношусь. Если это в семье не будет дальнейшими упреками или преткновениями.","Открытость, рассудительность","Равноправие, семейная гармония","Переосмысление традиционных гендерных ролей, адаптация к современным социальным ожиданиям.",перелом,,,,,False
9,"Настоящее время, взрослая жизнь",Смысл денег,"Деньги для респондента — это прежде всего безопасность и спокойствие. Признает, что с ростом доходов растут и потребности.","Финансовая подушка, наличие финансов, это какое-то спокойствие наоборот. Ты уверен, что у тебя есть какие-то сбережения финансовые.",Стремление к стабильности,"Безопасность, спокойствие","Деньги воспринимаются как инструмент защиты от жизненных рисков, а не как источник удовольствий.",декларация,,,,,False
10,"Настоящее время, взрослая жизнь",Взаимодействие с государственными органами,"Респондент сталкивается с бюрократией, очередями, неэффективностью и несправедливостью в работе госорганов. Приводит примеры из личного опыта, выражает недовольство и желание перемен.","Бюрократия везде. Как говорится, без бумажки ты какашка.","Раздражение, разочарование","Справедливость, эффективность","Критика государственных институтов типична для граждан, сталкивающихся с их неэффективностью. Ожидание справедливости и порядка.",декларация,Государственные органы,,,,False
11,"Настоящее время, взрослая жизнь",Опыт участия в судебных процессах,"Респондент впервые участвовал в суде по бытовому делу, решение было в его пользу. Также был свидетелем в других делах.","Для меня это было волнительно. ... Просто принимали решение, выселить человека или не выселить.","Волнение, новизна","Законность, справедливость","Опыт суда воспринимается как стрессовый, но не криминальный. Важна поддержка знакомых.",эпизод,Суд,,,,False
12,"Настоящее время, взрослая жизнь",Обращение в полицию и опыт мошенничества,"Супруга респондента обращалась в полицию по поводу мошенничества, но результат был предсказуемо формальным. Сам респондент не обращался за помощью.","Вы сами понимаете, что результат здесь сложно какой-то получить...","Скепсис, разочарование","Справедливость, защита","Недоверие к эффективности полиции, распространенное среди населения.",эпизод,Полиция,,,,False
13,"Юность, взрослая жизнь",Отношение к армии и службе,"Респондент не служил в армии по состоянию здоровья. Тема службы для него болезненна, особенно в контексте сыновей, испытывает тревогу за их будущее.","Для меня это больная тема, и не знаю, как я отношусь. Да никак я не отношусь, очень осторожно, тревожно я отношусь...","Тревога, страх","Безопасность детей, забота о семье","Тема армии вызывает у респондента сильные эмоции, отражая общественную тревожность по поводу военной службы.",узел,Армия,,,,False
1,"Настоящее, зрелый возраст, родитель многодетной семьи",Отношение к военной службе и армии,"Респондент испытывает тревогу по поводу темы армии, считает, что армия должна быть профессиональной и независимой, а не массовой и обязательной для всех. Однако выступает за равные права и обязанности для всех граждан, включая мигрантов и людей с привилегиями.","Армия должна быть профессиональной и Армия должна быть независимой вообще от всего. Армия должна быть такой, что в нее должно быть вообще все. Армия – это как государство в государстве, которое должно быть независимым от каких-то внешних факторов.","Тревога, обеспокоенность, рациональность","Справедливость, профессионализм, равенство, ответственность","Респондент демонстрирует двойственность: с одной стороны, выступает за профессионализацию армии, с другой — за обязательность службы для всех, включая мигрантов и людей с привилегиями. Это отражает распространённую в российском обществе установку на справедливость и неприятие неравенства.",декларация,армия,,,,True
2,"Настоящее, зрелый возраст, глава семьи","Взаимодействие с государственными органами (налоговые, социальные службы)","Респондент сталкивался с бюрократическими трудностями (например, с налоговой задолженностью в 57 копеек), но в целом оценивает работу налоговых и социальных органов как стабильную и понятную. Пользуется госуслугами, отмечает автоматизацию и удобство, но критикует низкий уровень социальных выплат.","Прожить на 40 тысяч в пятером, в четвером, это нереально. полагаться прямо на эти социальные выплаты какие-то, потому что тебе государство поможет прям реально. Я не знаю, как на 40 тысяч жить.","Умеренное недовольство, прагматизм","Семья, стабильность, прагматизм, государственная поддержка","Респондент демонстрирует типичное для многодетных семей отношение к социальным выплатам: воспринимает их как недостаточные, но пользуется всеми возможностями. Отмечает цифровизацию госуслуг как положительный тренд.",эпизод,,,получатель социальных выплат,,True
3,"Настоящее, зрелый возраст",Доверие к государственным органам,"Доверие к государственным органам оценивается как среднее, нет стопроцентной уверенности в их защите интересов граждан.","Среднее, потому что нет 100% уверенности. ... стопроцентной уверенности нет вообще.","Скепсис, осторожность","Осторожность, критичность, реализм","Недоверие к государству — характерная черта для части российского общества, особенно среди людей, сталкивающихся с бюрократией и недостаточной поддержкой.",декларация,,,,,True
4,"Настоящее, зрелый возраст","Переезд, регистрация, мобильность","Респондент упоминает опыт переезда и смены регистрации, что связано с бюрократическими процедурами (например, регистрация автомобиля в другой области).",до определенного момента Зарегистрированы.,"Нейтральность, принятие","Адаптация, мобильность","Переезды и смена регистрации — распространённая практика, связанная с поиском лучших условий жизни или работы.",эпизод,,0.0,,,True
5,Настоящее,Отношение к власти и политике,"Респондент поддерживает существующую власть, считает, что всегда были власть и другие слои населения. Не интересуется политикой, воспринимает власть как данность.","Как власть скажет, так и будет. Всегда было и во все времена. всегда была власть и были другие слои населения.","Покорность, принятие","Стабильность, иерархия, адаптация","Пассивное отношение к политике и власти характерно для значительной части населения, что способствует воспроизводству патерналистских установок.",декларация,,,,,True
6,Настоящее,Оценка работы власти (региональной и федеральной),"Респондент не видит существенных различий между региональной и федеральной властью, не испытывает сильных эмоций по поводу их работы.","В целом, наверное, и по стране, и по региональным вот этим всем участкам, в целом, наверное, одинаково все работает.","Безразличие, умеренность","Стабильность, отсутствие вовлечённости",Отсутствие интереса к деталям работы власти и политических процессов — признак политической апатии.,декларация,,,,,True
7,Настоящее,Интерес к новостям и обсуждению политики,"С 2022 года респондент стал больше интересоваться новостями и обсуждать их с близкими, испытывает тревогу по поводу текущей ситуации.","Начиная с 2022 года нет таких людей, которые не обсуждают, не интересуются, вообще не переживают за все это.","Тревога, обеспокоенность","Информированность, сопричастность",Рост интереса к политике и новостям после 2022 года отражает влияние внешнеполитических событий на повседневную жизнь россиян.,узел,,,,,True
8,Настоящее,Доверие к источникам информации,"Респондент не доверяет ни одному источнику информации на 100%, формирует мнение на основе разных источников.","Ну, как бы собирается такая общая картина со всех источников, уже плюс-минус, понимаешь, правда, неправда.","Скепсис, критичность","Критическое мышление, самостоятельность",Недоверие к СМИ и поиск информации из разных источников — характерная черта современного медиапотребления.,декларация,,,,,True
9,Настоящее,Отношение к внешней и внутренней политике,"Положительно оценивает внешнюю политику, гордится дипломатами, внутреннюю политику считает стабильной по сравнению с другими странами.","Мне кажется, у нас, наверное, более-менее стабильная ситуация. Это и есть заслуга наших всех политических людей, которые этим занимаются.","Умеренное одобрение, гордость","Патриотизм, стабильность","Позитивное отношение к внешней политике и дипломатии — часть патриотического дискурса, распространённого в российском обществе.",декларация,,,,,True
10,Настоящее,Восприятие специальной военной операции,"Респондент тяжело переживает события, связанные с СВО, особенно из-за личных связей с Украиной. Испытывает тревогу, активно следит за новостями, надеется на скорое завершение конфликта.","Тяжело, с учетом того, что я жил... Рядом с Украиной, с границей Украины. У меня были там друзья, у меня сестры поначалу жили там. Тяжело. Я не знаю, почему такие дядьки профессиональные, умные, не смогли договориться.","Тревога, боль, разочарование","Мир, гуманизм, информированность",Личные связи с Украиной усиливают эмоциональное восприятие конфликта. Респондент выражает типичную для части населения усталость и желание скорейшего мира.,перелом,,,,,True
11,Настоящее,Использование цифровых технологий и социальных сетей,"Респондент активно использует смартфон, банковские приложения, мессенджеры, соцсети для новостей и общения. Не считает себя продвинутым пользователем, но уверенно пользуется офисными программами.","У меня по большей части все в телефоне. Все программы, все приложения, все банковские приложения, все в телефоне.","Уверенность, прагматизм","Технологичность, удобство, информированность","Распространённая цифровая грамотность среди взрослых пользователей, акцент на практическом использовании технологий.",эпизод,,,,,True
12,Настоящее,Влияние соцсетей на общение,"Соцсети и мессенджеры упростили поддержание контактов, но уменьшили количество личных встреч. Виртуальное общение воспринимается как удобное, но не полностью заменяет офлайн-контакты.","Личные встречи уменьшились, да. В какой-то степени да, ну, а что, позвонил, увидел. А в другой степени, ну, вот эти соцсети, мессенджеры, они помогают как бы, ну, да, контакт, лишний раз пообщаться.","Умеренная ностальгия, рациональность","Коммуникация, удобство, поддержание связей","Трансформация форматов общения — характерная черта цифровой эпохи, особенно для людей среднего возраста.",узел,,,,,True
1,Зрелая семейная жизнь с детьми,Использование цифровых технологий и отношение к ним,"Респондент рассказывает о своем отношении к мобильным приложениям, искусственному интеллекту и компьютерным играм. Он использует в основном утилитарные приложения (заправки, бонусы), не привязан к отдельным приложениям, не интересуется ИИ, не играет в компьютерные игры, но отмечает, что дети проводят много времени за гаджетами.","Приложений нет, это, собственно говоря, сам телефон, без которого я уже не представляю жизнь.","Спокойствие, умеренная озабоченность (по поводу детей)","Практичность, семейная ответственность, умеренность в технологиях","Респондент демонстрирует типичную позицию взрослого пользователя: технологии воспринимаются как инструмент, а не как часть идентичности. Отмечается дистанция от новых трендов (ИИ), а также забота о цифровом поведении детей.",эпизод,,,"Пользователь сервисов (заправки, бонусы), не вовлечен в цифровые рынки как создатель или активный участник",,
2,"Зрелая семейная жизнь, родительство маленького ребенка",Изменения и трудности последнего года,"Последний год был насыщенным и тяжелым из-за появления маленького ребенка. Респондент отмечает сложности, связанные с уходом за ребенком, изменением привычного образа жизни, но подчеркивает, что был к этому готов.","На самом деле год такой насыщенный, я бы сказал тяжелый, потому что с появлением ребенка появились определенные задачи.","Усталость, принятие, реализм","Ответственность, готовность к переменам, семейная поддержка","Появление ребенка — типичный переломный момент для семьи, связанный с изменением рутин, ограничением личной свободы и ростом ответственности. Респондент демонстрирует адаптацию и принятие новых ролей.",перелом,Семья,0.0,,,
3,Зрелая семейная жизнь,Стратегии преодоления трудностей,Респондент справляется с трудностями через совместное обсуждение и принятие решений с супругой. Семейная коммуникация и поддержка — ключевой ресурс.,"Общение с супругой, принятие каких-то совместных решений для того, чтобы так или иначе поступить, чтобы легче как-то было.","Уверенность, спокойствие","Сотрудничество, партнерство, поддержка",Семейная солидарность и совместное принятие решений — важный механизм адаптации к жизненным вызовам в российских семьях.,узел,Семья,,,,
4,Зрелая семейная жизнь,Оценка изменений и выводы за год,"Респондент отмечает, что жизнь изменилась: появилось больше ответственности и забот, но не считает это ухудшением. Важно принятие изменений как части жизненного пути.","Я бы не сказал, что в худшую сторону, однозначно нет, не в худшую, но чтобы сказать, что легче мне стало, пока не могу тоже сказать.","Реализм, принятие","Ответственность, принятие перемен","Респондент демонстрирует зрелую рефлексию: не идеализирует прошлое, не драматизирует настоящее, воспринимает опыт как ценность.",декларация,,,,,
5,Зрелая семейная жизнь,Взгляд в будущее и планирование,"Респондент старается смотреть в будущее с оптимизмом, но избегает детального планирования из-за страха разочарования. Основные ожидания связаны с успехами детей.","Хочется с оптимизмом верить, что все будет хорошо, все пойдет по намеченному плану, по намеченным целям. Но быть реалистичным сложно...","Осторожный оптимизм, сдержанность","Семейное благополучие, реализм, забота о детях",Отсутствие долгосрочного планирования характерно для многих российских семей в условиях неопределенности. Приоритет — благополучие детей.,декларация,,,,,
6,Зрелая семейная жизнь,"Ценности, жизненные принципы и смысл жизни","Для респондента важнейшими ценностями являются благополучие семьи, здоровье, взаимопонимание и воспитание детей. Личных амбиций почти нет, смысл жизни — в семье.","У меня нет каких-то определенных целей самому что-то достичь, но у меня есть цели и задачи по воспитанию детей, по тому, чтобы семья была в доставке.","Спокойствие, удовлетворенность","Семья, здоровье, взаимопонимание, забота о близких","Семейно-центричная система ценностей, характерная для зрелых мужчин с детьми. Личные достижения отходят на второй план.",декларация,,,,,
7,Зрелая семейная жизнь,"Рефлексия, страхи и отношение к жизни и смерти","Респондент осознает свои страхи (потеря близких, ненужность), спокойно относится к теме смерти, считает ее частью жизни. Смысл жизни видит в семье и детях.","Страх бояться кого-то потерять, бояться, что ты станешь кому-то ненужным. Страхи за своих детей...","Умеренная тревога, философское принятие","Семья, принятие неизбежного, забота о близких",Рефлексия над экзистенциальными вопросами типична для зрелого возраста. Семья — главный источник смысла и опоры.,узел,,,,,
008,Зрелая семейная жизнь,Рефлексия по поводу интервью,"Респондент отмечает, что разговор был интересен и полезен, но не вызвал сильных эмоций или новых взглядов на себя. Отдельные темы (политика, война) предпочитает не обсуждать с незнакомыми.",Было интересно и полезно рассказать.,"Спокойствие, легкая благодарность","Открытость, приватность в чувствительных вопросах","Готовность к диалогу и рефлексии, но с сохранением личных границ по чувствительным темам.",эпизод,,,,,
