id,life_stage,theme,summary,quote,emotion,values,sociological_note,type,family_structure,institution,region,market_participation,marital_status,event,family_support,housing_promised,children,spouse_employed,work_mode,work_partner,housing_type,pets,social_guarantees,family_involvement,media_consumption,collapse_context
1,Вступление в интервью,Знакомство и правила интервью,"Интервьюер знакомится с респондентом, объясняет цель и структуру интервью, подчеркивает важность личного рассказа и отсутствие правильных/неправильных ответов.","Задача рассказать именно о том, что вы чувствуете, что вы переживаете, может быть, с чем вы сталкивались.",нейтрально-доброжелательный,"открытость, честность, уважение к опыту","Стандартная процедура начала глубинного интервью, направленная на создание доверительной атмосферы и снижение тревожности респондента.",декларация,,,,,,,,,,,,,,,,,,
2,Детство,Семья и ранние воспоминания,"Респондент вспоминает детство как обычное, среднестатистическое, отмечает, что воспоминания о детском саде смутные, а о школе — более четкие. В семье были бабушка, дедушка, брат.",Обычное детство среднестатистическое ребенка тех времен.,"спокойствие, нейтральность","семейственность, стабильность","Респондент не выделяет травмирующих или особо ярких событий, что может говорить о стабильной семейной обстановке и отсутствии сильных стрессов в раннем возрасте.",эпизод,"бабушка, дедушка, брат",,,,,,,,,,,,,,,,,
3,Школьные годы,Учёба в школе,"Школа запомнилась как этап, где учёба давалась относительно неплохо, но без особых успехов. Вспоминает себя как 'трошника'.","В школе я, можно сказать, был трошником, а в универе уже как-то... стал ближе к отличнику.","самоирония, спокойствие","развитие, самосознание",Переход от среднего ученика к более успешному студенту в университете может говорить о взрослении и изменении отношения к учёбе.,эпизод,,школа,,,,,,,,,,,,,,,,
4,Поступление в университет,Выбор профессии и вуза,"Выбор вуза и профессии был скорее случайным, не связан с семейной традицией или влиянием друзей. Ограниченный выбор учебных заведений в родном городе.","Как-то просто выбирал, выбирал и выбирал.","безразличие, легкая ирония","прагматизм, адаптация",Отсутствие выраженной стратегии выбора профессии типично для молодых людей из небольших городов с ограниченными возможностями.,эпизод,,университет,родной город,,,,,,,,,,,,,,,
5,Студенчество и армия,"Учёба, армия, магистратура","После университета респондент ушёл в армию, затем вернулся, не стал восстанавливаться, а пошёл работать, позже поступил в магистратуру по другой специальности.","Университет, посылка на магистратуру, взяла по теме шоу в армию.","спокойствие, рациональность","гибкость, самостоятельность",Поступление в армию после вуза и смена специальности в магистратуре — пример адаптации к обстоятельствам и поиска себя.,узел,,"университет, армия, магистратура",,,,,,,,,,,,,,,,
6,Начало профессиональной деятельности,Работа тренером по футболу,"Начал работать тренером по футболу в центре подготовки, имел педагогическое образование, занимался с детьми, поддерживает отношения с некоторыми воспитанниками.","Ну, я им был, тренер.","гордость, удовлетворение","помощь другим, профессионализм","Работа с детьми в спорте часто воспринимается как социально значимая, но малооплачиваемая.",эпизод,,центр подготовки спортивных команд,,государственный сектор,,,,,,,,,,,,,,
7,Переход к новой профессии,Переход в МВД,"Из-за низкой оплаты в детском спорте респондент решил перейти работать в МВД, где начал карьеру инспектора ГИБДД.",Детский спорт сейчас плохо финансируется.,"разочарование, прагматизм","материальная стабильность, безопасность","Переход из социальной сферы в силовые структуры обусловлен экономическими причинами, что типично для молодых специалистов.",перелом,,"МВД, ГИБДД",,государственный сектор,,,,,,,,,,,,,,
8,Профессиональное становление,Работа в МВД,"Работает инспектором ГИБДД, сталкивается с жалобами и взысканиями, считает это частью профессии. Описывает специфику работы и отношение людей к полиции.","Если их нет, значит, ты плохо работаешь. У любого человека, который работает, всегда на него будут жалобы.","реализм, принятие","ответственность, профессионализм",Восприятие жалоб и взысканий как нормы указывает на адаптацию к бюрократической культуре силовых структур.,эпизод,,"МВД, ГИБДД",,,,,,,,,,,,,,,,
9,Личная жизнь,Знакомство и брак,"Познакомился с будущей супругой еще в университете, долго встречались, поженились после армии. Личная жизнь развивается постепенно и стабильно.",Встречались долго. Уже поженились после армии.,"спокойствие, удовлетворение","верность, стабильность","Традиционная модель отношений: длительный период знакомства, брак после завершения обязательных этапов (армия, учеба).",эпизод,,,,,в браке,,,,,,,,,,,,,
10,Служба в армии,Опыт службы,"Респондент сам принял решение пойти в армию, взял академический отпуск, служил там, куда хотел. Близкие переживали, но не отговаривали.",Взял академию и ушел в арку.,"уверенность, спокойствие","самостоятельность, долг",Армия воспринимается как обязательный и естественный этап взросления для мужчин.,эпизод,,армия,,,,,,,,,,,,,,,,
1,"Молодость, окончание школы и начало высшего образования","Поступление в вуз, академический отпуск и служба в армии","Респондент окончил школу, поступил в высшее учебное заведение, затем взял академический отпуск и ушёл служить в морскую пехоту.","вы учились, соответственно, закончили школу, пошли в высшее учебное заведение, отучились, Несколько лет взяли академический отпуск, ушли в армию, в морскую пехоту, непростой, как на мой взгляд, вид войск.","спокойствие, некоторая гордость","ответственность, долг, самостоятельность","Типичная для российских регионов траектория: после школы — вуз, затем армия, что может быть связано с поиском себя или необходимостью выполнить гражданский долг.",эпизод,,"школа, вуз, армия","Республика Коми, Сыктывкар",,,,,,,,,,,,,,,
2,Служба в армии,Опыт службы и участие в параде,"Служба в морской пехоте запомнилась участием в параде, что стало значимым событием.","единственное, что запомнилось, это участие в парадеях.","нейтральное, с оттенком значимости","чувство причастности, коллективизм","Парад как символический опыт, формирующий чувство сопричастности к истории и коллективу.",эпизод,,"армия (ВМФ, морская пехота)",,,,парад,,,,,,,,,,,,
3,"Постармейский период, начало трудовой деятельности",Возвращение к обучению и начало работы в МВД,"После армии респондент не сразу вернулся к учёбе, начал работать в МВД, а затем поступил на юридический факультет другого университета.","Ну, в другом университете уже, и не сразу после армии, а там уже будучи работая в МВД.","уверенность, прагматизм","прагматизм, профессиональное развитие",Переход к работе в государственных структурах и получение профильного образования — характерная стратегия для стабильности и карьерного роста.,узел,,"МВД, юридический факультет",,государственная служба,,,,,,,,,,,,,,
4,"Взрослая жизнь, семейный этап",Семейная поддержка и выбор профессии,Родители всегда поддерживали респондента и его брата в выборе профессии.,"всегда советовали, поддерживали.","благодарность, спокойствие","семья, поддержка, взаимопомощь",Семейная поддержка играет важную роль в профессиональной и личной траектории.,декларация,,,,,,,True,,,,,,,,,,,
5,"Настоящее, зрелый возраст",Повседневная жизнь и семейный быт,"Респондент описывает типичный распорядок дня: совместные семейные обязанности, работа, время с ребёнком, бытовые дела.","Ничего, проснулись. Приготовили завтрак, разбудили ребенка... поработали, забрали ребенка в садик, пришли домой, поужинали, позанимались какими-то бытовыми делами, и уехали спать.","спокойствие, рутина","семья, стабильность, забота о детях","Повседневная рутина типична для семей с маленькими детьми, где оба родителя работают.",эпизод,,,,,,,,False,1.0,True,,,,,,,,
6,"Настоящее, зрелый возраст",Работа и профессиональная идентичность,"Работа связана с разъездами, нет фиксированного офиса, есть напарник, с которым формируется стабильный экипаж.","вы все время в автомобиле, это, ну, может быть дождь, снег, вы все время там, да? На улице.","усталость, принятие","профессионализм, надёжность","Работа в МВД предполагает мобильность, отсутствие офисной рутины, что влияет на образ жизни и усталость.",эпизод,,МВД,,,,,,,,,разъездной,стабильный напарник,,,,,,
7,"Настоящее, зрелый возраст",Отношение к домашним животным и условия жилья,Респондент принципиально не заводит домашних животных из-за ограниченного пространства в квартире.,"Домашним животным надо пространство. Квартира – это не то место, где мы можем предоставить пространство для домашнего животного.",рациональность,"ответственность, забота о животных","Вопрос жилья напрямую влияет на возможность завести домашних животных, что типично для городских семей.",декларация,,,,,,,,,,,,,квартира,False,,,,
8,"Настоящее, зрелый возраст",Время с семьёй и ребёнком,"Респондент считает, что проводит достаточно времени с ребёнком после работы и в выходные.","Время после работы и выходные. Я считаю, что достаточно, если учитывать то, что условно ребенок в садике, забираю его из садика, как бы после садика провожу с ним время, все.",удовлетворённость,"семья, забота о детях, баланс работа-семья",Стремление к балансу между работой и семьёй — важная ценность для современных родителей.,декларация,,,,,,,,,1.0,,,,,,,,,
9,"Настоящее, зрелый возраст",Рабочие условия и социальные гарантии,"Работа официальная, подработки запрещены, график гибкий, есть возможность договориться об отгуле. Социальных гарантий, кроме зарплаты, респондент не ощущает.","Не знаю, никаких гарантий, кроме какой-то зарплаты.","прагматизм, некоторая неудовлетворённость","стабильность, формальная защищённость","Государственная служба обеспечивает стабильность, но не всегда — ощущение социальной защищённости.",декларация,,МВД,,только основная работа,,,,,,,,,,,минимальные,,,
10,"Настоящее, зрелый возраст",Психологическое отношение к работе и конфликтам,"Конфликты с гражданами случаются, но респондент не зацикливается на них, делится с супругой, но не переживает.","Ну, прошел момент, как бы, и все, забыл его.","спокойствие, устойчивость","эмоциональная устойчивость, профессионализм",Психологическая дистанция — способ справляться со стрессом на государственной службе.,эпизод,,МВД,,,,,,,,,,,,,,,,
11,"Настоящее, зрелый возраст",Отношение к работе и её значимость,"Работа в МВД воспринимается как подходящая, удовлетворяющая и одновременно как способ заработка.","Это как то, что сейчас удовлетворяет, и способ заработка, так скажем.","спокойствие, прагматизм","самореализация, материальное обеспечение",Работа в государственных структурах часто воспринимается как компромисс между интересом и стабильностью.,декларация,,МВД,,,,,,,,,,,,,,,,
12,"Настоящее, зрелый возраст","Досуг, спорт и хобби","Респондент занимается спортом (футбол с коллегами из МВД, плавание с ребёнком), считает это эмоциональной разгрузкой и радостью.","И как эмоциональная разгрузка, и как радость.","радость, удовлетворение","здоровье, активность, семейные ценности",Коллективные спортивные активности укрепляют связи внутри профессионального сообщества и семьи.,эпизод,,МВД (спортивная секция),,,,,,,,,,,,,,True,,
13,"Настоящее, зрелый возраст",Личное время и индивидуальные интересы,"В редкие моменты одиночества респондент читает новости, иногда участвует в обсуждениях, предпочитает меланхоличную музыку и интересные фильмы.","новости читаю, что в мире происходит.","спокойствие, интроверсия","информированность, личное пространство",Даже при насыщенной семейной и профессиональной жизни сохраняется потребность в личном времени и информационном поле.,эпизод,,,,,,,,,,,,,,,,,"новости, фильмы, музыка",
14,"Настоящее, зрелый возраст",Отношение к природе и месту жительства,"Респондент не испытывает потребности выезжать на природу, так как живёт в зелёном районе за городом.","Нет. Мы так как бы, можно сказать, живем за городом.",удовлетворённость,"близость к природе, комфорт",Жизнь в пригороде или зелёной зоне снижает потребность в специальных выездах на природу.,декларация,,,,,,,,,,,,,загородное или пригородное жильё,,,,,
1,"Настоящее, семейная жизнь с ребенком",Традиции выходных и отпусков,"В семье нет устоявшихся традиций выходного дня, все происходит спонтанно. Отпуск согласовывается с супругой, чтобы отдыхать вместе. Предпочтения в отдыхе — тепло, море, комфорт для ребенка. Идеальный отпуск — когда не нужно думать о быте.","Нет, такого ничего нет. Традиционно всегда что-то спонтанное.","Спокойствие, легкая отстраненность","Гибкость, совместное время с семьей, комфорт",Отсутствие ритуалов выходного дня может говорить о гибкости семейного уклада и отсутствии давления со стороны старших поколений. Согласование отпуска с супругой указывает на партнерские отношения.,эпизод,,"семья, работа",,"пассивное (нет дачи, нет крупных покупок)",,,,False,,,,,,,,,,False
2,"Настоящее, будни и распорядок дня",Распорядок дня и семейные обязанности,"Встают рано, в 6 утра, поочередно готовят завтрак, собирают ребенка, отвозят его в садик, затем супругу на работу. Рабочий день вне помещения, обед — где придется. Вечером возвращаются домой, иногда забирают супругу и ребенка.",В 6 утра.,"Усталость, принятие рутины","Ответственность, семейная поддержка, привычка","Четкое распределение ролей и обязанностей, совместное участие в быте. Ранний подъем и усталость — типичны для семей с маленькими детьми и работающими родителями.",эпизод,,"семья, детский сад, работа",,,,,,,,,,,,,,,,False
3,"Настоящее, свободное время",Досуг и спорт,"Свободное время проводят в городе или окрестностях, иногда занимаются спортом (плавание, футбол с коллегами).",Плавание и футбольная секция с коллегами.,Нейтрально-позитивный,"Здоровье, общение, разнообразие досуга","Досуг не связан с семейными традициями, скорее индивидуализирован и ситуативен. Спорт — способ поддерживать социальные связи вне семьи.",эпизод,,"спортивные секции, коллеги",,,,,,,,,,,,,,,,False
4,"Настоящее, семейные отношения",Отношения с родственниками,"В круг близких входят родители, бабушки, дедушки, брат, тетя, няня. Отношения теплые, с детства не менялись. Общение по телефону ежедневно, личные встречи — раз в неделю.",Встречи по телефону. По телефону-то каждый день. Личные встречи на неделе.,"Теплота, стабильность","Семейственность, поддержка, традиции",Семья — важнейший ресурс поддержки. Высокая частота контактов говорит о сплоченности и ценности родственных связей.,узел,,семья,,,,,,,,,,,,,,,,False
5,"Настоящее, семейные отношения",Взаимоотношения с семьей супруги,"С родителями супруги хорошие отношения, общаются. Братьев и сестер у супруги нет. Супруга также хорошо общается с родителями респондента.","С родителями хорошо, хорошие отношения. Тоже как бы общаемся.","Дружелюбие, спокойствие","Гармония, уважение, семейная интеграция",Отсутствие конфликтов между поколениями и семьями супругов — показатель успешной интеграции и взаимного уважения.,эпизод,,семья супруги,,,,,,,,,,,,,,,,False
6,"Настоящее, семейные отношения",Конфликты и способы их разрешения,"Серьезных конфликтов в семье не было, все возникающие вопросы решаются без эскалации.","Такие прям серьёзные, мне кажется, по словам «серьёзные» подразумевается расход сразу, а так всё, что происходит, это не назвать серьёзными.","Уверенность, спокойствие","Стабильность, умение договариваться","Семейная культура избегания острых конфликтов, ориентация на сохранение целостности семьи.",декларация,,,,,,,,,,,,,,,,,,False
7,Детство и взросление,Влияние воспитания и родительских взглядов,"Взгляды на отношения в семье формировались под влиянием родителей, но со временем корректировались самостоятельно.","Если считать, что в детстве родителями, если в данное время, то уже с собой.","Рефлексия, принятие","Самостоятельность, уважение к опыту старших","Передача семейных ценностей через поколения, но с возможностью их переосмысления.",узел,,"семья, родительское воспитание",,,,,,,,,,,,,,,,False
8,Детство и семья происхождения,Социальный статус родителей,"Мама — учительница, отец — пожарный. Жили в одном городе/регионе всю жизнь.","Это мама учительница, а отец пожарный.","Гордость, уважение","Трудолюбие, стабильность","Родители представляют традиционные профессии, что может влиять на ценности респондента (уважение к труду, стабильность).",декларация,,"школа, пожарная служба",,,,,,,,,,,,,,,,False
9,"Настоящее, супружеские отношения",Качества супруги и ценности в отношениях,"Респондент ценит в супруге хорошие человеческие качества, такие как вежливость, лояльность, доверие. Не выделяет конкретные черты, подчеркивает важность общего позитивного отношения.","Вежливость, лояльность в каких-то моментах, доверие.","Благодарность, уважение","Доверие, уважение, доброта","Ориентация на универсальные ценности в браке, отсутствие акцента на уникальности партнера.",декларация,,,,,,,,,,,,,,,,,,False
10,"Настоящее, семейные перспективы",Взгляд на будущее семьи,"Респондент не строит долгосрочных планов, живет настоящим. Возможность появления еще одного ребенка воспринимает как дело случая.","Просто живем. Может, ребенок еще будет. Вот тут как Бог даст уже.","Спокойствие, принятие неопределенности","Гибкость, принятие судьбы",Отсутствие стратегического планирования типично для семей с устойчивым настоящим и низкой тревожностью относительно будущего.,декларация,,,,,,,,,,,,,,,,,,False
11,"Настоящее, семейная экономика",Финансовые решения в семье,"Крупные покупки не совершаются, если не хватает денег. Нет практики деления расходов по зарплатам.","Не делаем таких покупок, на которых не хватает денег.","Рациональность, спокойствие","Осторожность, финансовая стабильность","Семья избегает долгов и кредитов, ориентирована на жизнь по средствам.",декларация,,,,низкая,,,,,,,,,,,,,,False
12,"Настоящее, родительство",Влияние рождения ребенка на отношения,"Появление ребенка сблизило супругов, стало объединяющим фактором. Родители активно участвуют в воспитании внука.",Оно стали еще ближе.,"Теплота, удовлетворение","Семейная сплоченность, поддержка","Рождение ребенка воспринимается как позитивный переломный момент, усиливающий семейные связи.",перелом,,,,,,,,,,,,,,,,,,False
13,"Настоящее, родительство",Родительская роль и передача ценностей,"Респондент хочет передать сыну все, что получил от своих родителей, включая ответственность и отношение к важным событиям.","Наверное, все, что они мне дали, все то, что я буду постараться заложить у него.","Ответственность, рефлексия","Передача опыта, воспитание","Сильная межпоколенческая преемственность, ориентация на семейные традиции и ценности.",декларация,,,,,,,,,,,,,,,,,,False
1,"Взрослая жизнь, родительство",Передача семейных ценностей и воспитание,"Респондент говорит о важности передачи семейных ценностей и воспитания из поколения в поколение, отмечая, что сам был так воспитан и намерен воспитывать своего ребенка аналогично.","Историю забывать нельзя. И меня так воспитывали, как я и сказал, что буду стараться сделать так же по отношению к своему ребенку, воспитывать его так же, как воспитывали меня.","Уверенность, спокойствие","Семейные традиции, преемственность, уважение к прошлому","Респондент демонстрирует ориентацию на традиционные семейные ценности и межпоколенческую преемственность, что характерно для семей с устойчивыми культурными установками.",декларация,,семья,,,,,,,,,,,,,,,,
2,"Взрослая жизнь, родительство",Влияние ребенка на личность родителя,"Рождение ребенка изменило взгляд респондента на жизнь, он стал учитывать интересы ребенка и проявлять больше мягкости.","Когда рождается ребёнок, что-то меняется. На какие-то моменты смотришь, уже с другой точки зрения стараешься. Учитывать интерес ребёнка, проявлять мягкость.","Рефлексия, принятие","Забота, гибкость, эмпатия","Респондент отмечает трансформацию личностных качеств под влиянием родительства, что типично для современных родителей, стремящихся к осознанному воспитанию.",эпизод,,,,,,,,,,,,,,,,,,
3,"Взрослая жизнь, родительство",Дисциплина и конфликты с ребенком,"Респондент допускает телесное наказание в профилактических целях, но серьезных конфликтов с ребенком не отмечает.","Ну, так в виде профилактики, мне кажется, можно дать это ПОПе.","Спокойствие, прагматизм","Дисциплина, умеренность","Сочетание традиционных и современных подходов к воспитанию: допускается телесное наказание, но без жесткости и в исключительных случаях.",эпизод,,,,,,,,,,,,,,,,,,
4,Взрослая жизнь,Дружба и социальные связи,"Респондент поддерживает отношения с друзьями, которых считает близкими, выделяя их из широкого круга знакомых. Дружба основана на общих интересах и схожем взгляде на жизнь.","Друг — это первостепенное ему лицо, а Закум — это такие уже второстепенные люди, которые неважны.","Уверенность, спокойствие","Доверие, близость, общность интересов","Четкое разделение между друзьями и знакомыми, ценность доверительных отношений, поддержка социальных связей, характерная для зрелого возраста.",декларация,,,,,,,,,,,,,,,,,,
5,Взрослая жизнь,Происхождение дружеских связей,"Друзья появились в разные периоды жизни: в школе, университете, на работе. Дружба сохраняется благодаря общим интересам и схожему взгляду на жизнь.","С кем-то в универе, в школе, с кем-то уже на работе.","Ностальгия, спокойствие","Постоянство, общность, лояльность",Дружеские связи формируются на разных этапах жизни и сохраняются благодаря общим ценностям и интересам.,эпизод,,"школа, университет, работа",,,,,,,,,,,,,,,,
6,Взрослая жизнь,Взаимодействие с друзьями,"Встречи с друзьями происходят спонтанно, без строгой регулярности. Контакт поддерживается, но нет фиксированных традиций.","Встречаемся постоянно, но не сказать, что раз в месяц, раз в неделю. Бывает, всю неделю встречаемся, бывает потом месяц не видимся.","Легкость, непринужденность","Гибкость, спонтанность, поддержка","Современный стиль поддержания дружбы — отсутствие формальных ритуалов, гибкость в общении.",эпизод,,,,,,,,,,,,,,,,,,
7,Взрослая жизнь,Конфликты и способы их разрешения в дружбе,"Конфликты с друзьями случаются, но всегда разрешаются через диалог, даже если сначала происходит пауза в общении.","Не разговаривали, а потом все равно разговаривали. В любом случае, все в Киевской елке.","Примирение, спокойствие","Открытость, коммуникация, прощение","Высокая ценность диалога и восстановления отношений, что свидетельствует о зрелости и устойчивости социальных связей.",эпизод,,,,,,,,,,,,,,,,,,
8,Взрослая жизнь,Ощущение поддержки и доверия,"Респондент ощущает поддержку и любовь со стороны близких, считает, что у него есть крепкий тыл.",Да? Да. Можна не сказать.,"Уверенность, благодарность","Поддержка, доверие, семейственность",Чувство защищенности и уверенности в социальной поддержке — важный ресурс для психологического благополучия.,декларация,,,,,,,,,,,,,,,,,,
9,Взрослая жизнь,Кому обратиться за помощью,"В случае трудностей респондент обращается к разным людям в зависимости от ситуации, иногда предпочитает не беспокоить супругу.","Все равно понимаешь, кто в какой сфере, кто что может решить.","Рациональность, забота","Разумность, забота о близких","Гибкая стратегия поиска поддержки, учет эмоционального состояния других членов семьи.",эпизод,,,,,,,,,,,,,,,,,,
10,Взрослая жизнь,Взаимная поддержка с друзьями,"Респондент готов помогать друзьям в сложных ситуациях, отмечает взаимность поддержки.","чем можем, помогаем.","Доброжелательность, готовность","Взаимопомощь, солидарность",Взаимная поддержка как основа дружеских отношений.,декларация,,,,,,,,,,,,,,,,,,
11,Взрослая жизнь,Самооценка личных качеств,"Респондент затрудняется назвать качества, которые делают его хорошим другом и родственником, но отмечает наличие понимания.",Понимание у меня. Почему так?,"Скромность, неуверенность","Понимание, скромность","Склонность к рефлексии, отсутствие нарциссизма, возможно, заниженная самооценка.",декларация,,,,,,,,,,,,,,,,,,
12,Взрослая жизнь,Отношение к здоровью и образу жизни,"Респондент считает себя достаточно здоровым человеком, не жалуется на здоровье, ведет относительно здоровый образ жизни, но не отказывает себе в удовольствиях.","В здоровом образе жизни хочется, но можем себе бургером пробовать.","Умеренность, удовлетворенность","Баланс, умеренность, здоровье","Рациональный подход к здоровью, без фанатизма, характерен для людей среднего возраста.",декларация,,,,,,,,,,,,,,,,,,
13,Взрослая жизнь,Питание и вредные привычки,"Рацион респондента сбалансирован, вредные привычки (алкоголь) присутствуют эпизодически, но не воспринимаются как необходимость.","То есть употребление алкоголя это не привычка, так, кто хотел, выпил, кто не хотел, не выпил.","Спокойствие, рациональность","Умеренность, свобода выбора","Отсутствие зависимости, самостоятельность в принятии решений о вредных привычках.",эпизод,,,,,,,,,,,,,,,,,,
14,Взрослая жизнь,Физическая активность и забота о теле,"Спорт и прогулки присутствуют в жизни респондента регулярно, дополнительные процедуры (массаж, баня) используются редко и скорее как исключение.","Больше не как правило, а как исключение. Подарок, что-то подарить.","Умеренность, спокойствие","Здоровье, баланс","Физическая активность воспринимается как часть нормы, дополнительные практики — как приятное дополнение.",эпизод,,,,,,,,,,,,,,,,,,
15,Взрослая жизнь,Отношение к болезням и медицинской помощи,"Респондент редко обращается к врачам, предпочитает справляться с легкими заболеваниями самостоятельно, к медикам идет только при серьезных симптомах.","Если понимаешь, что это будет прям как все уже, это хорошо, работа 39-40, то это больничный, если понимаешь, что это просто простыл, то можно дальше идти работать.","Рациональность, самостоятельность","Самостоятельность, ответственность",Склонность к самодиагностике и самостоятельному принятию решений о здоровье.,эпизод,,,,,,,,,,,,,,,,,,
16,Взрослая жизнь,Отношение к официальной и народной медицине,"Респондент преимущественно обращается к официальной медицине, но допускает использование простых народных средств (например, малина).","Если, так скажем, условно, там, часть малины, если это бежало от тебя к народной медицине, то тоже как бы прибегаем к нему.",Прагматизм,"Рациональность, открытость","Комбинированный подход к здоровью, характерный для прагматичных людей.",эпизод,,,,,,,,,,,,,,,,,,
17,Взрослая жизнь,Оценка системы здравоохранения,"Респондент не выделяет явных преимуществ между государственной и частной медициной, отмечает проблемы с доступностью и качеством медицины для детей, а также дефицит квалифицированных специалистов в регионе.","В данном случае, если относительно ребенка, то тяжелее, потому что налог нет. Есть упадок медицинского персонала.","Озабоченность, критичность","Забота о семье, критичность, справедливость","Критика системы здравоохранения, обеспокоенность региональными проблемами, типична для родителей.",декларация,,здравоохранение,,,,,,,,,,,,,,,,
18,Взрослая жизнь,Ожидания от государства в сфере здравоохранения,"Респондент считает, что государство должно оказывать материальную поддержку медицинским работникам и финансировать обучение для повышения качества медицины.","Чем больше меры поддержки, тем больше людей захотят, чтобы их поддержали.","Рациональность, надежда","Социальная справедливость, поддержка",Ожидание активной роли государства в решении социальных проблем.,декларация,,государство,,,,,,,,,,,,,,,,
19,Взрослая жизнь,Отношение к вакцинации,"Респондент лично старается не вакцинироваться, но ребенку делает все обязательные прививки. Отмечает, что вакцинация на работе носит рекомендательно-принудительный характер.","Все прививки, которые полагаются, деланы так, чтобы самому нечем делать, потому что уже на своем опыте привился, заболел.","Скепсис, осторожность","Здравый смысл, осторожность, забота о ребенке","Скептическое отношение к вакцинации у взрослых, но следование обязательным медицинским процедурам для детей.",декларация,,"работа, система здравоохранения",,,,,,,,,,,,,,,,
20,Взрослая жизнь,Профилактика и диспансеризация,"Респондент обращается к врачам только при необходимости, профилактические осмотры проходят только по служебной необходимости.","Так, чтобы, ну, обращения такие, только когда заболеют, да.",Прагматизм,"Рациональность, самостоятельность","Профилактика воспринимается как формальность, а не как часть заботы о здоровье.",эпизод,,работа,,,,,,,,,,,,,,,,
1,"Взрослая жизнь, зрелость",Отношение к стрессу и прошлым ситуациям,"Респондент рассказывает о своем подходе к стрессовым ситуациям: не зацикливаться, абстрагироваться, не возвращаться мыслями к прошлому, не испытывать чувства вины.","Смысла нет, шо произошло, то произошло.","Спокойствие, рациональность","Самоконтроль, рациональность, умение отпускать прошлое","Респондент демонстрирует стратегию эмоционального дистанцирования, характерную для людей, предпочитающих не углубляться в переживания и не обращаться за психологической помощью без крайней необходимости.",декларация,,,,,,,,,,,,,,,,,,
2,"Взрослая жизнь, зрелость",Отношение к психологической помощи,"Респондент считает, что психологическая помощь нужна только в критических случаях, а в обычной жизни не видит в ней смысла.","Если это какие-то критичные моменты, а так, что это, ну, не нужно.","Сдержанность, прагматизм","Самостоятельность, прагматизм","Скепсис по отношению к психологической помощи отражает традиционные установки, где обращение к специалистам по душевным вопросам считается крайней мерой.",декларация,,,,,,,,,,,,,,,,,,
3,"Взрослая жизнь, зрелость",Забота о близких и отношении к здоровью родителей,"Респондент спокойно относится к необходимости помогать родителям, не испытывает тревоги, делает то, что возможно.","Что получается сделать, то делаем. Не получается ничего не поделать с этим.","Спокойствие, принятие","Ответственность, принятие ограничений","Демонстрируется зрелое отношение к заботе о близких: готовность помогать, но без излишней тревожности и драматизации.",эпизод,,,,,,,,,,,,,,,,,,
4,"Взрослая жизнь, зрелость",Отношение к здоровью и заботе о себе,"Респондент считает здоровье важным ресурсом, который нужно беречь с молодости, осознает его конечность.","Словом говоря, не стоит разбазаривать здоровье. В каком-то случае, не все вечно.","Осознанность, умеренная тревога","Забота о себе, рациональность","Видна установка на ответственное отношение к здоровью, что характерно для людей, осознающих ценность ресурсов.",декларация,,,,,,,,,,,,,,,,,,
5,"Взрослая жизнь, зрелость","Ощущение запаса ресурсов (здоровье, финансы, время)","Респондент считает, что запаса никогда не бывает достаточно, всегда есть риск его потери, поэтому не испытывает полной уверенности в будущем.","Никогда нельзя будет сказать, что есть какой-то запас. Он всегда будет не хватать.","Реализм, умеренная тревога","Осторожность, реализм","Отражает опыт людей, сталкивающихся с нестабильностью и неопределенностью, что формирует осторожное отношение к будущему.",декларация,,,,,,,,,,,,,,,,,,
6,"Взрослая жизнь, зрелость",Отношение к деньгам и финансовому положению,"Деньги воспринимаются как инструмент обеспечения себя, респондент не стремится к резкому увеличению дохода, но открыт к возможностям. Доходом доволен, но отмечает, что потребности всегда растут.","Если надо будет миллион доходов, потребности будут до миллиона. Так что живем от зарплаты до зарплаты.","Спокойствие, умеренный фатализм","Рациональность, адаптивность","Демонстрируется типичная для среднего класса стратегия: жить по средствам, не брать кредиты, быть открытым к возможностям, но не гнаться за избыточным потреблением.",декларация,,,,"Открыт к предложениям, не ищет активно",,,,,,,,,,,,,,
7,"Взрослая жизнь, зрелость",Покупки и потребительское поведение,"Респондент выбирает товары по отзывам и рейтингу, не придает большого значения брендам, готов покупать БУ вещи, если они качественные.","Товары, которые надо, просто смотришь и на рейтинг, и на отзывы, если он тебе устраивает, заказываешь.","Практичность, спокойствие","Рациональность, практичность","Потребительское поведение рациональное, ориентировано на функциональность и экономию, а не на статус.",декларация,,,,"Использует маркетплейсы, не лоялен брендам",,,,,,,,,,,,,,
8,"Детство, юность",Опыт нехватки денег в родительской семье,"В детстве респондент сталкивался с нехваткой денег, но семья справлялась без продажи имущества, иногда с помощью подработок.","Ну, были такие ситуации, но поведение никто не продал.","Спокойствие, принятие","Семейная поддержка, трудолюбие",Опыт финансовых трудностей в детстве формирует у респондента осторожное отношение к деньгам и стремление избегать долгов.,эпизод,,,,,,,,,,,,,,,,,,
9,"Взрослая жизнь, зрелость",Организация семейного быта и покупок,"В семье нет жесткого распределения обязанностей: любой может сходить в магазин или заказать доставку, решения принимаются гибко.",Нет такого вопроса. Кто-то конкретно чем-то должен заниматься.,"Спокойствие, партнерство","Гибкость, равноправие","Современная модель семьи, где обязанности распределяются ситуативно, без жестких гендерных ролей.",декларация,,,,,,,,False,,,,,,,,,,
10,"Взрослая жизнь, зрелость",Отношение к кредитам и крупным покупкам,"Респондент избегает кредитов, предпочитает жить по средствам. Исключение — ипотека на жилье, но не на повседневные покупки или автомобиль.","Кредиты вообще никакие не дают... В частности ипотеки, но это, наверное, только ипотека.","Осторожность, прагматизм","Финансовая независимость, осторожность","Отражает недоверие к кредитным инструментам, характерное для части населения с опытом экономических кризисов.",декларация,,,,,,,,True,,,,,,,,,,
11,"Взрослая жизнь, зрелость",Отношение к платному образованию,"Респондент считает, что за образование платить нормально, если это необходимо, но предпочитает использовать собственные средства, а не кредиты.","Мои деньги для него всегда найдут, ну, именно свои деньги.","Прагматизм, готовность к вложениям","Образование, самостоятельность","Готовность инвестировать в образование, но с осторожностью к заемным средствам.",декларация,,образование,,,,,,,,,,,,,,,,
12,"Взрослая жизнь, зрелость",Семейный бюджет и гендерные роли,"В семье общий бюджет, деньги могут быть у любого из супругов, нет жесткого разделения обязанностей, оба работают и ценят независимость.","Нет никакого, что это мои деньгами.","Партнерство, равноправие","Равенство, доверие, командная работа",Современная модель семьи с размытыми гендерными ролями и совместным управлением финансами.,декларация,,,,,,,,,,,,,,,,,,
13,"Взрослая жизнь, зрелость",Отношение к традиционным гендерным ролям,"Респондент считает, что модель 'мужчина обеспечивает, женщина дома' устарела, современные женщины хотят работать.","Но это, скажем, в современных реалиях уже ушло куда-то далеко.","Реализм, принятие изменений","Равенство, современность","Отражает сдвиг в сторону современных ценностей, где оба партнера работают и участвуют в жизни семьи.",декларация,,,,,,,,,,,,,,,,,,
1,"Взрослая жизнь, семейный этап",Взаимодействие с государственными органами и личная самостоятельность,"Респондент отмечает, что предпочитает самостоятельно решать проблемы, не обращаясь в полицию, если это возможно. Он считает себя способным объяснить и уладить ситуацию без вмешательства органов.",Я сам могу объяснить и решить какую-либо проблему.,"Уверенность, легкая ирония","Самостоятельность, ответственность, рациональность","Демонстрируется установка на самостоятельное разрешение бытовых и социальных вопросов, что характерно для части взрослого населения, обладающего определенным социальным капиталом и опытом.",декларация,,,,,,,,,,,,,,,,,,
2,"Взрослая жизнь, забота о семье",Безопасность близких и противодействие мошенничеству,"Респондент активно предупреждает своих близких, особенно старших родственников, о рисках мошенничества, дает конкретные инструкции, как действовать в подозрительных ситуациях.","В первую очередь позвони мне и спроси, какие у меня проблемы.","Забота, тревога","Семейная поддержка, безопасность, информированность","Отражает распространённую практику внутри семей, когда более информированные члены берут на себя роль защитников и советчиков для уязвимых родственников.",эпизод,,,,,,,,,,,,,,,,,,
3,"Взрослая жизнь, профессиональный опыт",Отношение к судебной системе и трактовке законов,"Респондент отмечает, что законы могут трактоваться по-разному, и исход судебных дел зависит от обстоятельств и решений должностных лиц.","Одну и ту же статью можна перегнать как в одну сторону, так и в другую сторону.","Сдержанность, реализм","Справедливость, прагматизм",Показывает критическое отношение к формальным институтам и осознание гибкости правоприменения в российской действительности.,декларация,,,,,,,,,,,,,,,,,,
4,"Молодость, служба в армии",Опыт военной службы и влияние окружения,"Респондент служил на Северном флоте, решение о выборе рода войск принимал самостоятельно, опираясь на рассказы знакомых и брата.","Я сам уже принимал решение, куда я хочу, на основании того, что рассказывал.","Уверенность, самостоятельность","Самоопределение, влияние окружения, опыт","Военная служба воспринимается как этап взросления и самостоятельного выбора, при этом значим опыт и мнения близких.",эпизод,,армия,,,,,,,,,,,,,,,,
5,Взрослая жизнь,Взаимодействие с налоговой и социальными органами,"Респондент не испытывал сложностей с налоговой инспекцией, отмечает быстрый и стандартный процесс. Из социальной поддержки выделяет материнский капитал, сравнивая его с советской практикой предоставления жилья.","Все в порядке вещей, все быстро.","Спокойствие, удовлетворенность","Стабильность, государственная поддержка","Позитивное отношение к современным формам социальной поддержки, при этом присутствует ностальгия по советским гарантиям.",эпизод,,"налоговая инспекция, соцподдержка",,,,,,False,,,,,,,,,,
6,Взрослая жизнь,Бюрократия и цифровизация госуслуг,"Респондент сталкивается с очередями при оформлении документов, отмечает, что даже электронная запись не всегда помогает избежать ожидания.","Даже придя по записи, условно, к 17.00, сейчас время 17.05, придя к 17.10, ты все равно не попадешь в 17.10.","Раздражение, усталость","Эффективность, справедливость","Несмотря на цифровизацию, сохраняются традиционные проблемы бюрократии, что снижает доверие к инновациям в госуправлении.",эпизод,,"МФЦ, госуслуги",,,,,,,,,,,,,,,,
7,"Взрослая жизнь, профессиональный опыт",Внутренний взгляд на работу госорганов и отношение к ним,"Респондент отмечает, что, работая в органах, проще понимать механизмы и получать услуги, в отличие от 'чужих', для которых система менее прозрачна.","Я как находясь в органах, мне проще. Людям, которые в ванне, им тяжелее.","Осознание привилегии, сочувствие","Информированность, принадлежность","Явное разделение на 'своих' и 'чужих' в доступе к государственным услугам, что отражает особенности российской бюрократической культуры.",декларация,,госорганы,,,,,,,,,,,,,,,,
8,Взрослая жизнь,Оценка региональных и федеральных программ,"Респондент положительно оценивает программы благоустройства в регионе, отмечает возможность участия граждан в выборе объектов для улучшения.","Голосуете, типа, я хочу там, чтоб у этого дома, там вы хотите, чтоб у того дома, и вот там на голосование вы выдвигаетесь...","Удовлетворение, вовлеченность","Гражданская активность, комфорт среды",Рост участия граждан в локальных инициативах свидетельствует о развитии элементов гражданского общества на муниципальном уровне.,эпизод,,,,False,,,,,,,,,,,,,,
9,Взрослая жизнь,Отношение к политике и источникам информации,"Респондент старается избегать обсуждения политики в семье, получает информацию из профессиональных источников и Telegram-каналов, но относится к ним критически.",Стараемся не о политике не разговаривать.,"Осторожность, недоверие","Безопасность, критическое мышление",Демонстрируется характерная для современной России осторожность в публичном обсуждении политики и высокий уровень недоверия к медиа.,декларация,,,,,,,,,,,,,,,,,,
10,Взрослая жизнь,Отношение к государственным монополиям,"Респондент считает, что наличие конкуренции важно для развития экономики, и критикует существование государственных монополий.","В любом случае, должно быть какая-то конкуренция.","Критичность, рациональность","Конкуренция, развитие",Отражает рыночные установки и недовольство монополизацией ключевых отраслей.,декларация,,,,True,,,,,,,,,,,,,,
11,Взрослая жизнь,Отношение к обсуждению СВО,"Респондент отказывается обсуждать тему СВО, подчеркивая чувствительность и опасность подобных вопросов.",На эту тему не обсуждать.,"Осторожность, закрытость","Безопасность, самосохранение","Явное избегание острых политических тем, что типично для респондентов в условиях высокой политической чувствительности.",декларация,,,,,,,,,,,,,,,,,,
12,Взрослая жизнь,Использование цифровых технологий и соцсетей,"Респондент не выделяет предпочтительных социальных сетей, выбирает контент по интересу, иногда смотрит популярных блогеров.","Что понравилось, то смотрим, так скажем.","Нейтральность, открытость","Гибкость, индивидуальный выбор","Потребление цифрового контента становится ситуативным и не привязано к конкретным платформам, что характерно для зрелых пользователей.",эпизод,,,,,,,,,,,,,,,,,,
1,"Взрослая жизнь, профессиональная деятельность",Использование цифровых технологий и соцсетей в повседневности и работе,"Респондент рассказывает о том, как использует соцсети и интернет для получения информации, в том числе профессиональной. Подписывается на интересные каналы, но не увлекается бессмысленным потреблением контента. Для работы ищет судебную практику, использует личный ноутбук, работает преимущественно из дома.","Я считаю, что он зашел, посмотрел, полистал, вышел, ну, что надо, глянул, и все. То есть, ты же зачем-то туда зашел, не просто так.","Спокойствие, рациональность","Осознанность, эффективность, самостоятельность","Респондент демонстрирует высокий уровень цифровой грамотности и самоконтроля в использовании информационных технологий. Для него интернет — инструмент, а не источник развлечения или зависимости. Работа на дому и отсутствие выделенного кабинета отражают современные гибкие формы занятости.",эпизод,,"Работа (юридическая сфера), домашний офис",,Пользователь цифровых сервисов,,,,False,,,,,,,,,,
2,"Взрослая жизнь, семейный этап",Семейная жизнь и быт,"Респондент упоминает о покупке кроватки для ребенка, отмечает, что ребенок уже подрос. Использует маркетплейсы для бытовых нужд, что облегчает повседневную жизнь.","Да, отчас перевезли кроватку ребенку.","Удовлетворение, спокойная радость","Забота о семье, комфорт, практичность",Использование маркетплейсов для решения бытовых задач свидетельствует о высокой интеграции цифровых сервисов в семейную жизнь. Покупка кроватки — маркер жизненного этапа с маленьким ребенком.,эпизод,,"Семья, маркетплейсы",,Покупатель на маркетплейсах,,,,False,,,,,,,,,,
3,"Взрослая жизнь, профессиональная деятельность",Отношение к искусственному интеллекту и новым технологиям,"Респондент знаком с искусственным интеллектом, использует встроенные решения (например, в Яндекс.Браузере), но не проявляет инициативы в освоении новых ИИ-инструментов. Считает, что ИИ может быть как полезным, так и опасным, в зависимости от применения.","Ну, да, пользовался. Считаю, что это, с одной стороны, хорошо... такой интересный с точки зрения науки, и хорошо, что он не стоит на месте.","Умеренный интерес, осторожный оптимизм","Развитие, прагматизм, осторожность","Респондент относится к ИИ как к неизбежной части технологического прогресса, но не стремится быть в авангарде его освоения. Это типичная позиция зрелого пользователя, не склонного к технологическим экспериментам.",декларация,,Технологические платформы,,Пользователь встроенных ИИ-сервисов,,,,,,,,,,,,,,
4,"Взрослая жизнь, потребительские практики",Отношение к платным подпискам и цифровым сервисам,"Респондент предпочитает платить за качественный контент (например, фильмы), чем пользоваться бесплатными, но низкокачественными альтернативами. Использует приложения для покупок.","Приходится пользоваться, а альтернативы нету.","Практичность, принятие необходимости","Качество, рациональность",Готовность платить за цифровые сервисы и контент свидетельствует о сформированном потребительском поведении и ценности качества.,декларация,,"Цифровые платформы, стриминговые сервисы",,Платящий пользователь,,,,,,,,,,,,,,
5,"Взрослая жизнь, рефлексия и ценности","Отношение к жизни, приоритеты и ценности","Респондент подчеркивает важность отношений с близкими, считает себя счастливым в семье. Смотрит в будущее с оптимизмом, не планирует кардинальных изменений, стремится к постепенному улучшению жизни.","Единственное, что я могу выделить, это отношения с близкими. Я в них счастлив.","Удовлетворение, благодарность, спокойствие","Семья, близкие отношения, стабильность, оптимизм",Центральное место семьи и близких в системе ценностей респондента типично для зрелого этапа жизни. Отсутствие тревожности и ориентация на стабильность отражают адаптацию к текущим социальным условиям.,декларация,,Семья,,,,,,False,,,,,,,,,,
006,"Взрослая жизнь, рефлексия",Рефлексия по поводу интервью и самоощущения,"Респондент отмечает, что интервью помогло вспомнить и осмыслить некоторые моменты жизни, почерпнуть что-то важное для себя.","Беседа, которая помогла, може, в какие-то моменты что-то это вспомнить, там, какие-то затронуть моменты... почерпнуть для себя что-то такое важное.","Благодарность, легкая задумчивость","Рефлексия, саморазвитие","Интервью становится для респондента не только исследовательской процедурой, но и поводом для личной рефлексии, что подчеркивает его склонность к осмыслению собственного опыта.",эпизод,,Исследовательское интервью,,,,,,,,,,,,,,,,
