id,life_stage,theme,summary,quote,emotion,values,sociological_note,type,institution,collapse_context,housing_promised,market_participation
1,раннее детство,Место рождения и ранние годы,"Респондент родился в Воркуте и провёл там детство до 7 лет, отмечая суровые климатические условия и их влияние на характер.","Родился я в самом прекраснейшем месте нашей страны. Город Воркута. Детство и юность у меня прошло... до 7 лет я там жил, в морозах, заварах при минус 40 и выше.","ностальгия, гордость, закалённость","стойкость, адаптация, выносливость",Опыт жизни в суровых климатических условиях северных городов формирует у респондента чувство закалённости и особой гордости за происхождение.,эпизод,"семья, школа",1.0,,
2,детство и подростковый возраст,Переезд и семейная ситуация,"В 7 лет семья переехала из Воркуты в Нижегородскую область из-за потери работы у дедушки. Семья не была богатой, воспитанием занимались мать, дедушка, бабушка и тренер.","На тот момент дедушка работал у меня на шахте в Воркуте, одна обвалилась... Было принято переехать в Ежикаровскую область, в город Двор, потому что здесь жила родная сестра моей бабушки.","спокойствие, благодарность, адаптация","семейная поддержка, взаимопомощь, адаптивность","Переезд обусловлен экономическими причинами, типичная ситуация для семей из северных регионов. Воспитание в расширенной семье и роль тренера как значимого взрослого.",узел,"семья, трудовая миграция",1.0,False,
3,детство и подростковый возраст,Спорт и травма,"Респондент активно занимался спортом, достиг уровня кандидата в мастера спорта по греко-римской борьбе, выступал за юношескую сборную России по футболу. В 14 лет получил тяжёлую травму головы, что изменило его спортивную карьеру.","У меня был тройной перелом черепа... Что повлияло на жизнь в плане постоянных головных болей, постоянных мигрений. И на этом спорту пришлось завязать.","сожаление, стойкость, принятие","упорство, здоровье, преодоление трудностей","Спорт выступает как важный канал социализации и формирования идентичности. Травма становится переломным моментом, влияющим на дальнейший жизненный путь.",перелом,"спортивная школа, медицинское учреждение",1.0,,
4,подростковый возраст,Семейные отношения и утрата отца,"Отец респондента погиб от передозировки наркотиками, когда респонденту было 10 лет. Воспитанием занимались дедушка, бабушка, мать и тренер. С матерью близкие доверительные отношения.",Отца у меня нет. Погиб он в 2013 году... Отца мне заменил дедушка. И заменил мой тренер.,"спокойствие, принятие, благодарность","семья, доверие, моральная поддержка",Семейная утрата и отсутствие отца компенсируются поддержкой других взрослых. Важна роль тренера как фигуры замещения отца.,узел,"семья, неформальные институты (тренер)",1.0,,
5,детство и подростковый возраст,Влияние окружения и социализация,"Воспитание происходило под влиянием старших на районе, тренера, одноклассников. Испытал нападение собаки в детстве, что повлияло на отношение к животным.","Когда тренер тогда провожал меня до дома, я был совсем маленьким, 8 лет, тогда у нас напала собака, и он ее убил... после которого я очень нейтрально отношусь к животным абсолютно ко всем.","нейтральность, рациональность, отсутствие страха","самосохранение, рациональность, уважение к авторитетам","Влияние неформальных институтов социализации (старшие, тренер) и травматический опыт формируют особое отношение к животным и окружающим.",эпизод,,1.0,,
6,школьные годы,Отношения со сверстниками и особенности характера,"В школе испытывал трудности в общении со сверстниками из-за прямолинейности и отличия от группы. Был объектом издевательств до 7 класса, после чего дал отпор. С возрастом научился адаптироваться.","Я человек довольно прямолинейный... Тогда я и стал, как это, белой вороной.","отчуждение, самостоятельность, принятие","честность, индивидуализм, моральные принципы",Опыт социальной изоляции и буллинга типичен для подростков с выраженной индивидуальностью. С возрастом происходит адаптация к социальным нормам.,эпизод,,1.0,,
7,школьные и студенческие годы,Учёба и образовательная траектория,"Учёба давалась нелегко, в школе был одиночкой, учителя относились холодно. В колледже начал интересоваться наукой, особенно нейробиологией и историей.",Учеба мне давалась отнюдь нелегко... В колледже ситуация начала строиться иначе. Я начал активно читать книги и углубляться в науку.,"отчуждение, интерес, рост","самообразование, любознательность, развитие",Переход от отчуждения в школе к саморазвитию в колледже отражает изменение образовательной мотивации и поиск себя.,узел,"школа, колледж",1.0,,
8,ранняя взрослость,Военная служба,"После колледжа отслужил в армии в специальном батальоне военной полиции, охранял военно-осужденных, службу закончил с отличием.",Это не помешало мне в прошлом году отслужить в армии в специальном батальоне 28-й отдельно-дисциплинарный батальон военной полиции и охранять военно-осужденных. И закончить военную службу с отличием.,"гордость, удовлетворение","долг, дисциплина, ответственность",Военная служба воспринимается как важный этап взросления и подтверждение мужской идентичности.,эпизод,армия,1.0,,
9,ранняя взрослость,Профессиональная деятельность,"Работает менеджером отдела продаж в международной школе программирования и математики для детей. Нашёл работу через Headhunter после армии, столкнулся с недоверием коллег из-за возраста.","После армии мне не хотели никуда брать. Просто потому что я после армии... мне прислали предложение работу удаленного формата... Когда вам, Евгении, до 25, люди считают, что вы еще неопытен...","раздражение, настойчивость, реализм","самостоятельность, профессионализм, трудолюбие","Молодые специалисты сталкиваются с дискриминацией по возрасту и недоверием со стороны старших коллег, несмотря на объективные успехи.",эпизод,"рынок труда, образовательная компания",1.0,,True
10,ранняя взрослость,Планы на образование,"Планирует получить высшее образование по лингвистическому или юридическому направлению, даёт себе время на выбор.","Я склоняюсь больше к двум направлениям, а именно лингвистическому и юридическому. Какое точно пока сказать не могу, все-таки я даю себе еще время.","осознанность, неопределённость, целеустремлённость","образование, саморазвитие, осознанный выбор","Планирование дальнейшего образования после получения среднего специального — распространённая стратегия среди молодых людей, стремящихся к социальной мобильности.",декларация,высшее образование (планируется),1.0,,
11,ранняя взрослость,Личная жизнь и отношения,"В данный момент не состоит в отношениях, расстался с девушкой перед армией. Считает, что для серьёзных отношений нужны психологическая и финансовая устойчивость.","На отношения пока не планирую. Все-таки, чтобы войти в серьезные отношения... это нужно иметь не только психологическую и финансовую устойчивость, но также какой-нибудь жизненный опыт.","рациональность, спокойствие, зрелость","ответственность, зрелость, опыт","Отношение к отношениям как к серьёзному жизненному проекту, требующему зрелости и ресурсов, характерно для современных молодых людей.",декларация,,1.0,,
12,ранняя взрослость,Опыт совместного проживания и значимость отношений,Опыт совместного проживания с партнёршей рассматривал как способ проверить бытовую совместимость. Первая любовь и последующие отношения оказали значимое влияние.,"Месяц после знакомства я предложил ей съехать в штат... чтобы понять, можем ли мы сойтись в бытовой сфере.","осознанность, благодарность","опыт, честность, бытовая совместимость","Совместное проживание до брака рассматривается как инструмент проверки отношений, что отражает современные тенденции в молодежной среде.",эпизод,,1.0,True,
13,детство — юность,Эмоции и адаптация при переезде,"Переезд из Воркуты в Нижегородскую область воспринимался как положительный опыт, вызывал восторг и удивление от мягкого климата. Стресс отсутствовал, респондент считает себя гибким и стрессоустойчивым.","Вспоминаю восторг. Не может быть так тепло, так великолепно... Я всегда был и остаюсь человеком. Довольно гибкий к разным условиям. Страстно устойчивым.","восторг, спокойствие, адаптация","гибкость, стрессоустойчивость, открытость новому",Позитивная реакция на миграцию и способность адаптироваться к новым условиям — важные черты для успешной интеграции в новое сообщество.,эпизод,,1.0,,
1,"Юность, ранняя молодость",Опыт с психоактивными веществами и травматический эпизод,"В юности респондент пробовал различные вещества ради удовольствия, но стал свидетелем тяжелого случая передозировки у близкого человека, что стало для него переломным моментом и причиной категорического отказа от алкоголя и наркотиков.","ты видишь его безжизненное тело, задыхающееся, ... и ты понимаешь, что я, может, и курил, да, есть у меня такая пагубная привычка, но алкоголь, потому что, тем более, наркотики, наверное, я в жизни навсегда сказал нет.","шок, страх, отвращение, решимость","здоровье, самоконтроль, ответственность","Травматический опыт с близким человеком становится ключевым фактором формирования личных границ и отказа от рискованных практик, что типично для молодежных траекторий, связанных с самоопределением.",перелом,,1.0,,
2,"Молодость, начало самостоятельной жизни",Распорядок дня и дисциплина,"Респондент придерживается четкого распорядка дня, в котором важное место занимают спорт, саморазвитие и работа. Он ценит планирование и стабильность, отделяет будни от выходных.","Весь мой распорядок дня расписан. Я люблю планировать без отключения выходные. Вот. Выходные, это выходные. Но типичный мой день, он всегда, собственно, одинаков.","уверенность, спокойствие","дисциплина, порядок, саморазвитие",Стремление к структурированности и самодисциплине может быть реакцией на ранние жизненные потрясения и способом обрести контроль над собственной жизнью.,декларация,,1.0,,
3,"Молодость, самостоятельная жизнь",Взаимоотношения с близкими,"Респондент поддерживает регулярные и теплые отношения с матерью и другими родственниками, несмотря на занятость. Общение происходит как лично, так и дистанционно.","Каждый день созваниваемся. Ни у меня, ни у нее эти трудности не вызывались. Наоборот, делимся впечатлениями, смеемся.","теплота, привязанность","семья, поддержка, близость","Семейные связи остаются важной опорой, несмотря на самостоятельность, что характерно для молодых взрослых в России.",эпизод,,1.0,,
4,"Переход к самостоятельности, ранняя взрослость",Жилищный вопрос и выбор частного дома,"Респондент сознательно выбрал жить в собственном доме, отказавшись от квартиры, вложил наследство в строительство и развитие дома, часть средств отдал родственникам.","Для меня частный дом — это удовольствие, это приятное времяпровождение. Нет никого сверху, снизу, справа, слева, никто не стучит тебе.","удовлетворение, гордость","независимость, комфорт, щедрость","Выбор частного дома и отказ от городской квартиры отражает стремление к автономии и индивидуальному стилю жизни, а также готовность к семейной ответственности.",узел,"наследство, частная собственность",1.0,True,покупка недвижимости
5,"Студенчество, ранняя взрослость","Переезд в Москву и Петербург, опыт работы и самоопределения","На четвертом курсе колледжа респондент отправился с друзьями в Москву и Петербург, где пробовал разные работы, общался с предпринимателями, получил предложение поступить в московский институт, но решил поступать самостоятельно.","Я был недобросовестным учеником. Я симулировал два месяца в больнице, якобы по реабилитации. Ну и отправился. 14 дней мы отправились с ребятами, с друзьями втроем на машине в Москву.","любопытство, авантюризм, самостоятельность","самостоятельность, опыт, свобода выбора","Период поисков и экспериментов типичен для молодежи, особенно в условиях неопределенности и желания расширить социальный капитал.",эпизод,"колледж, неформальный рынок труда",1.0,,временная занятость
6,Ранняя взрослость,Работа и профессиональная идентичность,"Респондент работает в частной коммерческой компании, партнере Сбербанка, и ценит свою профессиональную деятельность.","Это частная коммерческая компания, которая сотрудничает со Сбербанком. Кстати, является партнером Сбербанка. Это ООО Алгоритмика.","уверенность, удовлетворение","профессионализм, стабильность",Работа в частной компании с крупным партнером повышает статус и ощущение стабильности у молодого специалиста.,декларация,ООО Алгоритмика,1.0,,наемный труд
7,Ранняя взрослость,"Хобби, спорт, чтение","Респондент активно занимается спортом, предпочитает парные виды, читает как классику, так и научно-популярную литературу, любит бумажные книги, имеет музыкальное образование.","Для меня книги это формат именно тактильного, издарительного удовольствия, что я это ощущаю и вижу.","увлеченность, радость","развитие, активность, эстетика",Разнообразие хобби и стремление к саморазвитию свидетельствуют о высоком уровне культурного и образовательного капитала.,декларация,,1.0,,
8,Ранняя взрослость,Экологическая ответственность,"Респондент участвовал в волонтерских акциях по уборке мусора, считает важным не ухудшать экологическую ситуацию.",Я хотя бы стараюсь ее не ухудшать.,"спокойствие, умеренная ответственность","экологичность, ответственность","Экологическая ответственность воспринимается как часть гражданской позиции, но не становится центральной жизненной стратегией.",эпизод,,1.0,,
9,Ранняя взрослость,"Досуг, выходные, дом","Выходные респондент проводит активно, занимается домашними делами, обустройством дома, предпочитает вкладывать средства в улучшение жилья.","Практически вся моя зарплата уходит в новый дом, вот, где вы видите меня в этой комнате, это мой офис, моя рабочая обстановка.","удовлетворение, энтузиазм","дом, трудолюбие, улучшение",Вкладывание ресурсов в дом и быт — проявление ориентации на долгосрочную стабильность и самостоятельность.,эпизод,,1.0,True,
10,Ранняя взрослость,Отпуск и отношение к эмоциям,"Респондент предпочитает активный отдых, ценит эмоции и впечатления, не имеет кредитов, тратит накопления на опыт и образование.","Мы живем эмоциями. Зачем я работаю, если я не получаю от других эмоций?","жизнерадостность, открытость","эмоции, опыт, образование",Поколенческая ориентация на впечатления и нематериальные ценности становится все более заметной среди молодежи.,декларация,,1.0,,
11,Ранняя взрослость,Переосмысление жизненных приоритетов,"На четвертом курсе, после смерти бабушки и дедушки, респондент пережил переоценку ценностей, отказался от погони за богатством и популярностью, удалил соцсети, стал больше ценить размеренную жизнь и личное развитие.","Я начал прекрасно себя чувствовать после того, как перестал минаться за богатством, за популярностью, за другими вещами, за прочим. Удалил соцсети и стал, ну, наверное, раз в 10 меньше времени проводить в телефоне, в ноутбуке, за играми, за соцсетями.","освобождение, спокойствие","саморазвитие, внутренний комфорт, осознанность","Переосмысление жизненных целей часто связано с личными потерями и кризисами, что ведет к формированию новых стратегий и отказу от навязанных обществом стандартов успеха.",перелом,,1.0,,
12,Ранняя взрослость,Финансовая поддержка семьи,"Респондент оказывает финансовую помощь родственникам по собственной инициативе, особенно крестной и ее сыну, поскольку у них сложная жизненная ситуация.",Это мое желание и мое начинание. Я помогаю лишь исключительно по своей инициативе.,"ответственность, забота","альтруизм, семья, поддержка",Готовность помогать родственникам свидетельствует о высокой степени семейной солидарности и личной ответственности.,декларация,,1.0,,
13,Ранняя взрослость,Отношение к партнерству и личной жизни,"Респондент серьезно относится к поиску партнера, но не планирует это специально, считает, что встреча произойдет спонтанно.","Я могу вам сказать, Евгений, что я через столько планирую, планирую, но я сейчас выйду с вами на конференции гулять, Нет, повстречается мне та самая, и все. Оно же так обычно бывает.","спокойствие, принятие","осознанность, серьезность, открытость к жизни","Отношение к личной жизни как к естественному процессу, а не к проекту, отражает современную установку на индивидуализм и принятие неопределенности.",декларация,,1.0,,
1,"Молодая взрослость, самостоятельная жизнь",Отношение к родительству и семейной ответственности,"Респондент размышляет о родительстве, подчеркивает готовность взять на себя ответственность за семью, но считает, что решение о детях должно приниматься совместно с партнершей. В случае, если партнерша не готова к рождению детей, рассматривает возможность усыновления.","Я думаю, что хочу, но рожать не мне. Рожать и женщине моей. ... Готов взять такую ответственность, готов. Пронести ее, даже пускай не имея опыта, тем не менее, все его когда-либо получают в этой жизни.","Спокойная уверенность, зрелость","Ответственность, уважение к партнеру, готовность к компромиссу, забота о других","Респондент демонстрирует современные взгляды на партнерство и родительство, подчеркивая совместное принятие решений и готовность к альтернативным формам семьи (усыновление).",декларация,,,True,стабильная финансовая самостоятельность
2,Молодая взрослость,Семейные традиции и поддержка,"Респондент описывает семейные традиции, связанные с совместным празднованием крупных праздников и днями рождения, а также подчеркивает важность взаимной поддержки в семье.","Дни рождения обязательно, вне зависимости от условий, проводим. Даже когда я был в армии, они приезжали ко мне. ... Обязательно поддержка друг друга. Это, конечно, обязательно.","Теплота, благодарность","Семейная сплоченность, поддержка, традиции","Семья выступает важным источником поддержки и эмоциональной стабильности, несмотря на отсутствие регулярных неформальных контактов вне праздников.",эпизод,семья,,,
3,Молодая взрослость,Дружба и социальные связи,"Респондент рассказывает о единственном настоящем друге, с которым познакомился в армии, и о том, как их сблизили совместные трудности и общие интересы.","Есть. Один друг. У меня есть друг. Причем, кстати, друг из армии. Мы с ним поладили, познакомились с самым снежным Новгородом.","Сдержанная привязанность, некоторая неуверенность","Верность, доверие, общие интересы","Опыт армии становится важным социальным лифтом и местом формирования крепких дружеских связей, однако респондент рефлексирует над сложностью определения настоящей дружбы.",эпизод,армия,,,
4,Молодая взрослость,Социальный досуг и спортивное окружение,"Респондент описывает круг общения, связанный со спортом, и регулярные встречи с друзьями и знакомыми, подчеркивая значимость совместного досуга и спортивных интересов.",Это действующий чемпион мира в юношеской категории до 21 года Евгений Байдусов в грекинской борьбе. ... Все ребята спортивные. Все ребята с великолепной харизмой и с прекрасным чувством юмора.,"Гордость, радость","Дружба, спорт, активный образ жизни, юмор",Спортивное сообщество формирует устойчивый круг общения и поддерживает позитивную идентичность респондента.,эпизод,,,,активное участие в спортивных сообществах
5,Переходный этап между подростковым возрастом и взрослостью,Конфликты и разрыв дружеских связей,"Респондент вспоминает болезненный разрыв с группой друзей, который произошел неожиданно и без объяснений, и рефлексирует над причинами и своим отношением к этому событию.","В один момент встреча у нас проходила на тот момент в парке. Я прихожу. Мне в лицо говорят, ну ты как-то поменялся. ... Я стоял так же.","Растерянность, спокойное принятие","Саморефлексия, принятие перемен, независимость",Опыт внезапного разрыва с группой сверстников типичен для переходного возраста и способствует формированию самостоятельной идентичности.,перелом,,,,
6,Молодая взрослость,Рефлексия о настоящей дружбе,"Респондент рассуждает о критериях настоящей дружбы, используя метафоры и гипотетические ситуации, и отмечает, что пока не попадал в критические ситуации, чтобы проверить друзей.","Вот вы, Евгений, сломаете ногу. ... Ну, другу позвоните. Придет, не придет. Вот так понимается ситуация.",Философская задумчивость,"Доверие, честность, испытание временем","Респондент демонстрирует критическое отношение к современным формам дружбы, противопоставляя их более традиционным представлениям о верности.",декларация,,,,
7,Молодая взрослость,Отношение к животным и моральные принципы,"Респондент рассказывает о спасении котенка, найденного на помойке, и подчеркивает, что поступил так из моральных соображений, хотя не испытывает сильной эмоциональной привязанности к животным.","Я услышал мяуканье из мусорки, чисто случайно. ... Здесь сыграла уже просто моральная этика, знаете.","Сдержанная эмпатия, рациональность","Моральная ответственность, гуманизм","Поступок респондента иллюстрирует внутренние моральные установки, которые не всегда связаны с эмоциональной вовлеченностью.",эпизод,,1.0,,
8,Детство и подростковый возраст,Семейная поддержка и отсутствие материального достатка,"Респондент вспоминает детство, отмечая, что несмотря на бедность, всегда чувствовал любовь и заботу со стороны семьи.","Я не чувствую недостатка любви. Не чувствую недостатка внимания. Никогда не чувствовал. Да, мы были там бедны. Я понимал, что мы не можем позволить игрушки, поэтому не капризничал.","Благодарность, уважение","Семейная поддержка, уважение к труду родителей, благодарность","Опыт материальных ограничений компенсируется эмоциональной поддержкой семьи, что формирует устойчивую позитивную самооценку.",эпизод,семья,,,
9,Молодая взрослость,Доверие и значимые отношения,"Респондент выделяет мать как самого близкого и доверенного человека, отмечая, что это типично для большинства людей.",Это моя мать.,"Теплота, доверие","Семейная близость, доверие","Мать занимает центральное место в системе доверия респондента, что отражает традиционные семейные ценности.",декларация,,,,
10,Молодая взрослость,Помощь и поддержка другим,"Респондент рассказывает о случаях, когда оказывает моральную поддержку и помощь окружающим, не давая советов, а просто выслушивая. Приводит пример помощи незнакомой девочке.","Я не даю психологических советов, я просто сажусь и выслушиваю человека. ... Конечно, все. Взяли, купили мороженое, сидели на лавочке, подождали такси. Посадил ее в такси, отвез домой.","Спокойствие, эмпатия","Сочувствие, поддержка, альтруизм","Респондент предпочитает ненавязчивую помощь, что отражает современные тенденции к уважению личных границ и индивидуальности.",эпизод,,,,
11,Молодая взрослость,Ощущение одиночества,"Респондент признает, что иногда испытывает чувство одиночества, несмотря на активный образ жизни и общение с людьми, и отмечает желание делиться жизнью с кем-то близким.","Конечно, бывает. Все-таки человеку нужен человек, и пускай моя работа, естественно, связана с людьми, я веду активный образ жизни и так далее. Конечно, хочется найти то самое, да, и получать свое удовольствие от жизни, наслаждаться не одному в этом доме, да, всем тем, что у меня есть.","Легкая грусть, откровенность","Потребность в близости, искренность","Ощущение одиночества характерно для молодых взрослых, даже при наличии социальных связей, и связано с поиском значимых отношений.",декларация,,,True,
12,Молодая взрослость,Здоровье и образ жизни,"Респондент оценивает свой образ жизни как умеренный, отмечая наличие здоровых привычек, дисциплину в питании, но признает, что курит после еды.","Я все-таки курю, вот поэтому умеренный. Хоть я и курю, но у меня есть четкое ограничение.","Самокритика, реализм","Умеренность, самодисциплина, забота о здоровье","Респондент демонстрирует осознанное отношение к здоровью, сочетая здоровые привычки с некоторыми компромиссами.",декларация,,,,
1,"Взрослая жизнь, рефлексия о прошлом",Ключевой негативный опыт (первый ночлег),"Респондент сожалеет о некоем первом ночлеге, который повлиял на его жизненный путь. Он считает, что если бы не этот эпизод, его жизнь могла бы сложиться иначе.","За исключением первого ночлега, Евгений, меня все устраивает. Если возможно, я бы, конечно, его убрал. Может быть, я бы сейчас не общался с вами, а был бы где-нибудь высоко, и вы бы обо мне слышали.","Сожаление, легкая грусть","Рефлексия, стремление к лучшему, принятие прошлого","Респондент склонен анализировать свою биографию через призму отдельных событий, придавая им судьбоносное значение. Это типичная стратегия осмысления жизненного пути в условиях неопределенности.",перелом,,1.0,,
2,Настоящее время,Физическое здоровье и отношение к медицине,"Респондент оценивает свое физическое здоровье на 10 из 10, редко болеет, предпочитает самолечение витаминами и обращается к врачу-другу только в крайних случаях. К официальной и нетрадиционной медицине относится с осторожностью, предпочитает минимальное вмешательство.","Я очень редко болею. И если я болею, я лечусь своими витаминами... К традиционной медицине я пробегаю только в крайних ситуациях.","Уверенность, спокойствие","Самостоятельность, рациональность, недоверие к системе",Демонстрируется типичная для молодых взрослых установка на самостоятельное управление здоровьем и скепсис по отношению к официальным институтам.,декларация,,1.0,,"минимальное участие (самолечение, частные клиники при необходимости)"
3,Настоящее время,Критика российского медицинского образования и системы,"Респондент негативно оценивает состояние российской медицины, связывает это с низким качеством образования и халатностью студентов и врачей. Приводит в пример более строгие западные стандарты.","Я знаю таких людей, медиков, которые учились. Я знаю, как они недобросовестно относились к участию в направлении хирурга. Я искренне стараюсь, желаю вам не попасть под их нож.","Разочарование, тревога","Профессионализм, ответственность, уважение к труду",Критика системы образования и медицины отражает распространенное недоверие к государственным институтам и идеализацию западных стандартов.,декларация,российская система образования и здравоохранения,1.0,,
4,Настоящее время,Образ друга-врача и профессиональная страсть,"Респондент восхищается своим другом, который работает врачом и проявляет исключительную преданность профессии, не уезжает за границу из моральных соображений.","Он живет своей работой, в буквальном смысле... Я говорю ему, что ты за границу планируешь? Нет, говорит, я останусь здесь. Я, говорит, хочу своим примером показать.","Восхищение, уважение","Профессионализм, преданность, моральный выбор","Респондент противопоставляет индивидуальные примеры профессионализма общей картине системы, подчеркивая роль личной ответственности.",эпизод,медицинское сообщество,1.0,,
5,Настоящее время,Опыт обращения в медучреждения и отношение к вакцинации,"Респондент предпочитает частные клиники, если не может получить помощь от друга-врача. К вакцинации относится скептически, воспринимает ее как вынужденную меру.","Без вакцины меня бы не пустили на пару. Это единственное моё отношение. То есть, ну, такое принудительное вакцинирование под лозунгом добровольного.","Скепсис, ирония","Свобода выбора, прагматизм",Скепсис к массовым медицинским практикам и предпочтение частных услуг характерны для людей с опытом разочарования в государственных институтах.,декларация,,1.0,,"частные клиники, вакцинация по необходимости"
6,Взрослая жизнь,Негативный опыт медицинской помощи,"Респондент вспоминает случай некачественной медицинской помощи при операции на пальце, но спустя время относится к этому с юмором.","Я, терпя боли в движении, начал смеяться сквозь слезы. Бабушка-старушка едала тут затыльника, выгнала с отдела второго оболтуса.","Юмор, ирония, ретроспективное принятие","Стойкость, умение смеяться над трудностями","Даже негативный опыт осмысляется через юмор, что может быть защитным механизмом и способом дистанцирования от травматичных событий.",эпизод,государственная медицина,1.0,,
7,Настоящее время,Эмоциональное состояние и отношение к психологии,"Респондент не испытывает тревожности или подавленности, не обращался за психологической помощью, но считает психическое здоровье очень важным.","Если человеку действительно необходимо, то я считаю, что это необходимо, все-таки психическое состояние, оно было гораздо погубнее, чем физическое.","Спокойствие, рациональность","Психологическое здоровье, эмпатия","Отражает растущее признание важности психического здоровья, несмотря на отсутствие личного опыта обращения к специалистам.",декларация,,1.0,,
8,Взрослая жизнь,Уход за больным родственником,"Респондент ухаживал за дедом после инсульта, считает это естественным и не испытывает негативных эмоций по этому поводу.","Я за ним ухаживал. Но я думаю, ему было бы неприятно, если бы его дочь его подмывала... Я после учебы, после работок или выходные проводил свое время и очень удовольствием.","Спокойствие, забота, принятие","Семейная поддержка, забота о близких, достоинство",Демонстрируется традиционная семейная солидарность и гендерные роли в уходе за пожилыми родственниками.,эпизод,,1.0,False,
9,Настоящее время,Отношение к будущему здоровью и потере трудоспособности,"Респондент регулярно следит за здоровьем по собственной инициативе, мыслей о потере трудоспособности избегает, считает это равносильным смерти.","Потеря подобных способностей для меня, человеку ведущего активный образ жизни, равности на смерти. Для меня лучше смерть, чем потеря умения двигаться.","Тревога, категоричность","Активность, независимость, самоконтроль","Высокая ценность физической автономии и активности, страх утраты контроля над телом.",декларация,,1.0,,
10,Настоящее время,Финансовое положение и источники дохода,"Респондент работает, подрабатывает учителем физкультуры и донором крови. Финансовое положение оценивает как достаточное, мотивирован не только деньгами, но и желанием помогать.","Зачем мне эти 3,5 копейки? Ну, грубо говоря, да? Вообще, я так понимаю, для кого-то это хорошие деньги. Просто хочется помочь людям. Почему нет?","Удовлетворенность, альтруизм","Помощь другим, достаточность, независимость","Донорство и подработки как часть идентичности, а не только экономической необходимости.",декларация,,1.0,,"официальная занятость, донорство"
11,Настоящее время,Структура расходов и отношение к потреблению,"Основная часть расходов идет на помощь семье, остальное — на коммуналку и немного на себя. Не склонен к спонтанным покупкам, экономии, не интересуется брендами.","70% точно уходит семье, однозначно, каждый месяц, остальные 30, по-разному... Весь логотип можно написать на три цвета. Черный, белый и серый, собственно.","Рациональность, спокойствие","Семейная поддержка, умеренность, рациональность","Демонстрируется паттерн поддержки семьи взрослым ребенком, а также антипотребительские установки.",декларация,,1.0,,"минимализм, поддержка семьи"
12,Настоящее время,Потребительское поведение и отношение к крупным покупкам,"Респондент подходит к крупным покупкам осознанно, не доверяет отзывам, ориентируется на качество и производителя, не подвержен влиянию рекламы.","Если посмотрите на Google карты, то у вас будет отмечена гора Everest... И даже у нее есть негативные отзывы. Как после этого играть отзывы?","Скепсис, рациональность","Осознанность, независимость, критическое мышление","Потребительское поведение строится на личном опыте и анализе, а не на внешних источниках и маркетинговых стратегиях.",декларация,,1.0,,осознанное потребление
1,"Молодость, ранняя самостоятельность",Финансовые ошибки и опыт с кредитами,"В молодости респондент взял кредитку и быстро потратил деньги, что привело к финансовым трудностям. Этот опыт стал для него уроком, после чего он избегает кредитов.","Был опыт плачевный, по молодости, не только-только 18, кредитка от деньгов на 30 тысяч пошел везде тратить, просадил, денег нет. Но слава богу, когда погасил своими трудами, ну и собственно в кредитах я больше не нуждался.","Сожаление, облегчение","Финансовая самостоятельность, ответственность, избегание долгов","Опыт ранних финансовых ошибок типичен для молодых людей, впервые столкнувшихся с кредитными инструментами. Исправление ситуации собственными силами формирует ответственное отношение к деньгам.",перелом,,1.0,,Потребительский кредит
2,"Взрослая жизнь, самостоятельность",Финансовая безопасность и сбережения,"Респондент выстроил систему сбережений: подушка безопасности на полгода, отдельные накопления на отпуск и спорт, а также 'запасной карман' на экстренные случаи.","Есть подушка безопасности. То есть, у меня там н-ная сумма, при которой, не дай бог, что с работой, я полгода проживу без работы.","Уверенность, спокойствие","Безопасность, предусмотрительность, самостоятельность","Стремление к финансовой независимости и защите от рисков характерно для людей, переживших периоды нехватки средств. Формирование нескольких видов сбережений — индикатор зрелого финансового поведения.",эпизод,,1.0,,"Сбережения, финансовое планирование"
3,Взрослая жизнь,Жилищный вопрос и наследство,"Респондент владеет домом и квартирой, полученной по наследству. Квартиру сдаёт, предпочитает жить в доме из-за ощущения свободы и уединения.","Больше всего душевные. Мимое ощущение иллюзии свободы, честно говоря. Без шума, справа-слева, сверху-снизу.","Удовлетворение, спокойствие","Свобода, независимость, рациональность",Предпочтение частного дома городской квартире отражает ценность личного пространства и независимости. Сдача квартиры — пример рационального использования активов.,эпизод,"Наследование, рынок аренды",1.0,False,
4,Детство и юность,Опыт нехватки денег,"В детстве и юности респондент сталкивался с острой нехваткой денег, что повлияло на его отношение к финансовой безопасности.","Когда живешь на съемной квартире, а денег хватает только на пачку сигарет. Там у тебя где-то завалялись пакетики с чёрным чаем и килограмм сахара.","Грусть, ностальгия","Выживание, стойкость, скромность",Опыт бедности в детстве часто формирует у взрослых стратегию накопления и осторожного отношения к расходам.,эпизод,,1.0,,
5,Взрослая жизнь,Покупки и потребительское поведение,"Респондент предпочитает покупать качественные вещи, не избегает б/у, но не занимается перепродажей. Крупные покупки совершает через знакомых-экспертов.","Любого веща, если оно качественное. Почему бы и нет, но было вещи я давно не покупал.","Рациональность, спокойствие","Качество, прагматизм, доверие к экспертам","Потребительское поведение строится на доверии к экспертам и рациональном подходе к покупкам, что характерно для зрелых потребителей.",эпизод,,1.0,,"Покупки, вторичный рынок"
6,Взрослая жизнь,Советы и принятие решений,"Респондент советуется с близкими и экспертами при принятии важных решений, особенно если это их компетенция.","Происходит совещание с знакомыми, с матушкой, с бабушкой, с дедушкой. Вот, конечно, происходит.","Доверие, уважение","Семейственность, коллективизм, уважение к опыту","Коллективное принятие решений и опора на мнение старших — черта, характерная для семейно-ориентированных культур.",декларация,,1.0,,
7,"Взрослая жизнь, периферия","Питание, готовка и доставка еды","Респондент живёт в посёлке, редко пользуется доставкой еды, предпочитает готовить сам простую пищу. Получает удовольствие от самостоятельной готовки.","Мне больше удовольствие заставляет самому готовить, чем кому-то отдавать. Ну, кроме соседской бабушки, конечно.","Удовлетворение, спокойствие","Самостоятельность, простота, умеренность","Жизнь вне города ограничивает доступ к сервисам доставки, формируя самостоятельные бытовые практики.",эпизод,Сельское поселение,1.0,,
8,Взрослая жизнь,Отношение к образованию,"Респондент учился на бюджете, проходил платные курсы для повышения квалификации. Считает, что платное образование — выход для тех, кто не смог поступить на бюджет.","Бюджет это для ребят, которые действительно учатся, у которых мозги на месте. Классно это все-таки для ребят, у которых не хватило ума в школе правильно учиться.","Рациональность, лёгкая ирония","Образование, саморазвитие, прагматизм",Отношение к платному и бесплатному образованию отражает социальные стереотипы и опыт респондента.,декларация,"Колледж, курсы повышения квалификации",1.0,,
9,Взрослая жизнь,Финансовая самостоятельность и принятие решений,"Респондент самостоятельно принял решение о создании финансовой подушки безопасности, исходя из прошлого опыта нехватки денег.","Поэтому было принято решение, лично мной, ни с кем не согласовывавшись, подготовить для себя некую безопасность.","Уверенность, самостоятельность","Независимость, ответственность",Самостоятельное принятие решений о финансовой безопасности — индикатор зрелости и личной ответственности.,перелом,,1.0,,
10,Взрослая жизнь,Деньги и их значение,"Для респондента деньги — это способ обеспечить свободу, безопасность, помочь другим и получать эмоции. Особое значение придаёт возможности оплатить качественную медицину.","Для меня деньги — это получение эмоций, получение воспоминаний, ярких эпизодов в жизни.","Размышление, философичность","Свобода, безопасность, помощь близким, эмоции","Деньги рассматриваются не как цель, а как инструмент для достижения жизненных целей и поддержки близких.",декларация,,1.0,,
11,Взрослая жизнь,Достаточность дохода,"Респондент считает свой доход достаточным для текущих нужд, не стремится к увеличению дохода, но отмечает, что ситуация может измениться с появлением семьи.","У меня достаточно подушек безопасности и то, сколько я зарабатываю. Другой вопрос в том, что твой имя может поменяться при наличии жены и детей.","Удовлетворение, реализм","Умеренность, реализм, ответственность","Ориентация на достаточность, а не на постоянное увеличение дохода, характерна для людей, ценящих стабильность.",декларация,,1.0,,
12,Взрослая жизнь,Взаимодействие с государственными структурами,"Опыт взаимодействия с полицией, пожарными и больницами в целом положительный. Отмечает разницу между частной и государственной медициной.","Полиция у меня хорошая, с пожарными структурами был, то есть горело дома соседей, вызывали пожарных, приехали оперативно, вопросов нет.","Удовлетворение, спокойствие","Доверие к институтам, прагматизм","Положительный опыт взаимодействия с госструктурами формирует доверие к институтам, хотя отмечается и разница в качестве услуг.",эпизод,"Полиция, пожарные, больницы",1.0,,
13,Взрослая жизнь,Семейные отношения и помощь родственникам,"Респондент помог тёте с квартирой, отказавшись от своей доли, чтобы поддержать её в сложной ситуации. Сохраняет хорошие отношения с родственниками.","Я принял решение, что это будет моя им минимальная оказанная помощь, которую я могу оказать. И, как я ранее повторял, за меня тогда эти деньги не имеют никакой ценности, они не мои.","Альтруизм, удовлетворение","Семья, помощь, бескорыстие",Готовность жертвовать материальными благами ради семьи — показатель высокой ценности семейных связей.,эпизод,"Наследование, нотариус",1.0,,
14,Армейский период,Опыт службы в армии (дисбат),Служба в дисциплинарном батальоне стала для респондента важным опытом ответственности и гордости. Получил признание и рекомендации.,"Это ответственность. Это огромная ответственность, понимание того, что фактически жизнь элных людей, пускай это и заключенные, да, они в твоих руках.","Гордость, серьёзность","Ответственность, долг, профессионализм","Служба в дисбате — уникальный опыт, формирующий чувство ответственности и гордости за преодолённые испытания.",узел,"Армия, дисциплинарный батальон",1.0,,
15,Юность,Татуировки как способ самовыражения,В подростковом возрасте сделал татуировки для самовыражения и подражания отцу. Сейчас жалеет об этом и копит на их удаление.,"Это история две татуировки. Это история желания выделиться в подростковом возрасте, привлечь на себя внимание.","Сожаление, самоирония","Самовыражение, память о близких, рефлексия","Татуировки в юности часто связаны с поиском идентичности и желанием выделиться, но с возрастом отношение к ним меняется.",эпизод,,1.0,,
1,"Взрослая жизнь, зрелость",Отношение к политике и государству,"Респондент осознаёт различия между СССР и современной Россией, имеет свои взгляды на политику, но не считает себя вправе судить действия властей. Не обсуждает политические взгляды даже с близкими, чтобы избежать конфликтов.","Понятие что хорошо, что плохо тяжело судить, когда ты обычный гражданин. Другой вопрос, когда ты человек, ответственный за таких граждан, как я. Не мне судить, что хорошо, что плохо.","Взвешенность, осторожность","Сдержанность, уважение к чужой позиции, избегание конфликтов","Респондент демонстрирует характерную для части российского общества политическую апатию и осторожность в публичном выражении мнения, что может быть связано с недоверием к институтам и опасением последствий.",декларация,"государство, семья",,,
2,Взрослая жизнь,Потребление информации и отношение к СМИ,"Респондент получает новости из разных источников: интернет, официальные СМИ, Telegram-каналы. Однако не увлекается обсуждением политики в кругу друзей и не стремится быть 'диванным экспертом'.","У меня четкая понятие позиции, я распространяю на свой круг, если вы хотите обсуждать политику, обсуждайте, я не крымник, если я сижу за столом.","Сдержанность, дистанция","Личная автономия, информационная избирательность","Респондент демонстрирует индивидуалистский подход к потреблению информации, избегает вовлечения в массовые дискуссии, что может говорить о недоверии к коллективным обсуждениям и стремлении к личной независимости.",декларация,,,,пассивный потребитель информации
3,Взрослая жизнь,Опыт использования цифровых технологий и отношение к ним,"Респондент использует цифровые технологии как хобби, знаком с конструкторами сайтов, базово освоил инструменты, но не считает себя специалистом. Использует нейросети для решения бытовых и рабочих задач.","Ну как, я балуюсь. По сравнению с действительно специалистами этого дела, я не могу выше оценить свои труды, как балуюсь. Базово я их знаю, базово я их освоил, но просто чтобы знать.","Скромность, интерес","Разносторонность, саморазвитие","Респондент относится к цифровым технологиям как к инструменту для расширения кругозора, но не стремится к профессионализации в этой сфере. Это отражает тенденцию к прагматичному использованию технологий среди зрелых пользователей.",эпизод,,,,осознанный пользователь
4,Взрослая жизнь,Отношение к социальным сетям и цифровой дисциплине,"Респондент сознательно отказался от большинства социальных сетей, считая их пустой тратой времени и источником потери энергии. Использует только мессенджеры и строго ограничивает время на информационные каналы.","Это бездумное проведение времени, высасывание собственной энергии... Поэтому, заметив такой вопрос, который встал у меня в голове, резко было принято решение отказаться от всего.","Осознанность, решимость","Дисциплина, рациональность, самоконтроль","Отказ от соцсетей и цифровая аскеза становятся формой сопротивления цифровому шуму и попыткой сохранить личное пространство и энергию. Это характерно для части зрелых пользователей, уставших от информационной перегрузки.",перелом,,,,минимальный пользователь соцсетей
5,Взрослая жизнь,Опыт онлайн-знакомств и отношение к виртуальному общению,"Респондент имел опыт онлайн-знакомств, но быстро отказался из-за недоверия и большого количества мошенников. Предпочитает живое общение, считает виртуальное общение неискренним и негативным.","Я вообще, в принципе, по интернету не общаться не люблю. С кем-то там, даже не только с девушкой, с панем, с дома. Ребята в компьютере все, знаете, все смелые. У всех язык подвешен. Никто ничего не боится.","Недоверие, скепсис","Искренность, безопасность, реальное общение","Недоверие к онлайн-знакомствам и виртуальному общению отражает опасения по поводу анонимности и мошенничества в цифровой среде, а также ценность личного контакта.",эпизод,,,,минимальный пользователь онлайн-знакомств
6,Детство и подростковый возраст,Опыт с цифровыми устройствами в детстве,"В детстве респондент был очень эмоциональным, часто ломал телефоны из-за проигрышей в играх. После наказания резко изменил поведение.","В детстве за три года я раздал 17 телефонов... когда я проигрывал, у меня телефон дал кулаком. Да, это был очень эмоциональный период в моей жизни.","Импульсивность, эмоциональность","Самоконтроль (приобретённый), опыт через ошибки",Эпизод иллюстрирует процесс социализации и формирования самоконтроля через негативный опыт и родительское воспитание.,перелом,семья,,,
7,"Взрослая жизнь, зрелость",Отношение к искусственному интеллекту и технологическому прогрессу,"Респондент позитивно относится к развитию искусственного интеллекта, видит в этом большие возможности, но осознаёт риски, связанные с потерей контроля над технологиями.","Мы действительно можем добиться большого прогресса. Но, как я и говорил, есть но. И вот это но, если мы к моменту, когда он не станет здоровым и настолько, что мы, Евгений, с вами вдвоем вместе взятые будем оказаться на его фоне не больше, чем букашка, мы научимся его контролировать, тогда появляется хороший вопрос, к чему мы пришли.",Осторожный оптимизм,"Прогресс, ответственность, контроль",Респондент выражает типичную для зрелых пользователей позицию: интерес к инновациям сочетается с опасениями по поводу их последствий и необходимостью этического контроля.,декларация,,,,
8,Взрослая жизнь,Изменения в жизни за последний год и отношение к переменам,"Респондент не считает произошедшие за последний год события значимыми, воспринимает смену работы и бытовые изменения как обыденность. Важным считает возможность отдохнуть, поехать куда-то.","Для меня это обыденное, потому что я поменял и работаю. Я не считаю это чем-то важным, а для меня это обыденное дело.","Спокойствие, отсутствие драматизма","Стабильность, простые радости",Отсутствие значимых событий и эмоциональная нейтральность могут свидетельствовать о зрелом принятии рутины и отсутствии завышенных ожиданий от жизни.,эпизод,,,,
9,Взрослая жизнь,"Рефлексия о поколениях, образовании и институте семьи","Респондент критикует молодое поколение за низкий уровень общей образованности и связывает это не с системой образования, а с проблемами семейного воспитания и размыванием моральных устоев.","Это какой-то нездоровый… Это лично семейный вопрос, понимаете? Это институт семьи. Да неважно, сколько мне лет, но если ты видишь, что ты папа, дата, мама, неважно, но вы видите, да, что я не провожу время никак иначе, помимо просмотра телевизора или там компьютера, игрушек и не знаю, что такое високосный год, наверное, тут должен появляться вопрос.","Огорчение, тревога","Семья, воспитание, моральные устои, общая образованность","Респондент воспроизводит дискурс о 'деградации поколений', перекладывая ответственность с системы образования на институт семьи. Это отражает распространённую в российском обществе озабоченность размыванием традиционных ценностей.",декларация,семья,,,
10,Взрослая жизнь,Эмоциональный фон и отношение к жизни,"Респондент отмечает, что эмоциональный фон не ровный, но именно в этом видит прелесть жизни. Старается сохранять радость и спокойствие даже в трудные моменты.","Фон не ровный, и этим он и прекрасен, что моменты бывают худшие, понижения момента и скачков, этим.","Оптимизм, принятие","Позитивное мышление, устойчивость","Стремление сохранять позитивный настрой и принимать эмоциональные колебания как часть жизни характерно для зрелых, психологически устойчивых людей.",декларация,,,,
11,Взрослая жизнь,Взгляд на будущее,"Респондент смотрит на своё будущее с оптимизмом, не испытывает тревоги или неопределённости.","Я бы сказал, смотрю на вас и думаю, что с оптимизмом, с огромным причем. На ваше.",Оптимизм,"Надежда, уверенность",Оптимистичный взгляд на будущее может быть связан с внутренней устойчивостью и отсутствием серьёзных жизненных потрясений.,декларация,,,,
1,"Молодость, ранняя взрослость (около 21 года)",Отношение к будущему и жизненные цели,"Респондент с оптимизмом смотрит в будущее, считает важным сохранять позитивный настрой и идти по жизни с поднятой головой. Его главная цель — не унывать и сохранять оптимизм.","Какие могут быть цели у меня? Сохранить тот же оптимизм, что есть у меня сейчас. Не унывать. Идти по жизни вверх поднятой головы. Это вся цель.","Позитив, уверенность","Оптимизм, стойкость, самоуважение","Для молодых людей характерно формирование позитивного взгляда на будущее и стремление к внутренней устойчивости. Цели респондента не материальны, а связаны с личностным ростом и эмоциональным состоянием.",декларация,,,,
2,"Молодость, ранняя взрослость",Мечты и альтруизм,"Респондент мечтает изменить чью-то жизнь к лучшему, сыграть важную роль для другого человека, не ограничиваясь близкими.",Я хочу поменять чью-то жизнь в лучшую сторону. Действительно сыграть какой-то важный ключевой роль.,"Воодушевление, альтруизм","Альтруизм, значимость, помощь другим","Мечты респондента выходят за рамки личного успеха и ориентированы на вклад в жизни других людей, что отражает ценности коллективизма и социальной ответственности.",декларация,,,,
3,"Молодость, ранняя взрослость",Личностная ответственность и контроль,"Респондент считает себя человеком, который рассчитывает только на себя, анализирует свои ошибки и берет ответственность за последствия своих поступков.","Только на себя. Не было ситуации, когда… если бы я вовремя за пальцем-то ухаживал, я бы не оказался в этой больнице.","Самокритика, ответственность","Самостоятельность, ответственность, саморефлексия","Важный элемент современной идентичности — ориентация на личную ответственность и самоконтроль, что характерно для индивидуалистических установок.",декларация,,,,
4,"Молодость, ранняя взрослость",Баланс между личными и чужими нуждами,"С возрастом респондент стал больше учитывать нужды близких и других людей, хотя раньше ориентировался на себя. Он признает свои ошибки и стремится помогать другим.","С течением времени я понимаю, что все-таки больше опираюсь на свои личные нужды, а не отходят на второй план. В общем, больше на передний план вырываются нужды близких тебе людей.","Рефлексия, стремление к развитию","Эмпатия, забота о других, честность","Переход от эгоцентризма к альтруизму — типичный для взросления процесс, связанный с расширением круга значимых других.",узел,,,,
5,Детство и юность,Формирование жизненных принципов,"Жизненные принципы респондента были заложены семьей и тренером. Он придерживается базовых моральных норм: не обижать слабых, не бить женщин, помогать в трудных ситуациях.","Есть то, что был тренер, наш отец. То, что был дед. Это базовые, ну, вы знаете, районские понятия. Нельзя трогать близких родных, нельзя бить женщин.","Уважение, благодарность","Семейные ценности, справедливость, защита слабых","Семья и окружение играют ключевую роль в формировании моральных ориентиров, особенно в подростковом возрасте.",эпизод,"семья, спортивная секция",,,
6,"Молодость, ранняя взрослость",Понимание хорошей жизни,"Респондент считает, что хорошая жизнь — это возможность поддерживать других, давать им силы, а не получать поддержку самому.","Что должно присутствовать в хорошей жизни, по моему мнению, поддержка. Только не вас, Евгений. Поддержка не меня. Не кто-то меня должен поддерживать. Я. Я должен кому-то давать сил.","Уверенность, щедрость","Поддержка, щедрость, активная позиция",Акцент на активной поддержке других отражает зрелую позицию и ориентацию на социальное взаимодействие.,декларация,,,,
7,"Молодость, ранняя взрослость",Счастье и семейные отношения,"Респондент ощущает счастье, когда помогает своей семье, даже в мелочах.","Может это банально, но когда я помогаю своей семье, это может быть не только в деньгах, это может быть банально.","Теплота, удовлетворение","Семья, забота, помощь",Семейные отношения остаются важнейшим источником счастья и смысла для респондента.,эпизод,,,,
8,"Молодость, ранняя взрослость",Поиск смысла жизни,"Респондент задумывается о смысле жизни, но приходит к выводу, что универсального ответа нет, и каждый человек находит свой смысл.","Что его просто нет. Задумываться над ним честно глупо, это как знаете задумываться над тем зачем есть земля.",Философская отстраненность,"Открытость, принятие неопределенности",Современная молодежь часто склонна к экзистенциальным поискам и принятию относительности жизненных смыслов.,декларация,,,,
9,"Молодость, ранняя взрослость","Оценка удач и неудач, принятие прошлого","Респондент считает своим главным успехом сам факт рождения, а неудачей — травму, но принимает ее как неизбежность.","Удачно, я родился, это уже удачно, само по себе. Я уже этому счастлив. ... Это к моей травме. Считаю это неудачно, как бы я мог поступить иначе.","Принятие, благодарность","Принятие, благодарность, смирение",Принятие прошлого и отсутствие фокуса на сожалениях — признак зрелой рефлексии и внутренней устойчивости.,узел,,,,
10,"Молодость, ранняя взрослость",Страх одиночества и требования к себе,"Респондент боится умереть в одиночестве, осознает свою требовательность к себе и другим, старается соответствовать своим стандартам.","Не хочется умереть в одиночестве. ... Понимаю, что человек я довольно требовательный. Но и сам стараюсь требования соблюдать.","Тревога, самокритика","Честность, требовательность, стремление к близости","Страх одиночества — распространённая экзистенциальная тревога, особенно у молодых людей, формирующих свою идентичность.",декларация,,,,
11,"Молодость, ранняя взрослость",Отношение к смерти,"Респондент часто задумывается о смерти, особенно из-за спортивного опыта. Считает смерть началом чего-то нового и не испытывает страха перед ней.","Смерть-это возможность. ... Она одна, поэтому смерть-это начало чего-то нового. Я надеюсь чего-то действительно удивительного.","Философское спокойствие, принятие","Принятие, открытость к новому, мужество","Опыт занятий спортом, особенно боевыми искусствами, формирует особое отношение к жизни и смерти, снижая страх и повышая принятие неизбежного.",декларация,спортивная секция,,,
012,"Молодость, ранняя взрослость",Рефлексия после интервью,"Респондент получил удовольствие от общения, проявил интерес к результатам исследования и к личности исследователя.","Как и в самом начале, прекрасно, мне удалось пообщаться с прекрасным человеком, это с вами, мне очень приятно.","Благодарность, интерес","Открытость, любознательность, уважение",Рефлексия после интервью показывает высокий уровень коммуникативных навыков и интерес к исследовательской деятельности.,эпизод,,,,
